ID;EN;NL;DE;FR;IT;ES
Select TemplateHeader;Select Template;Sjabloon selecteren;Vorlage auswï¿½hlen;Sï¿½lectionner un modï¿½le;Selezionare modello;Seleccionar plantilla
DocumentPropertiesHeader;Document Properties;Documenteigenschappen;Dokumenteigenschaften;Propriï¿½tï¿½s du document;Proprietï¿½ del documento;Propiedades del documento
AddDocPropsButton;Add properties;Eigenschappen toevoegen;Eigenschaften hinzufï¿½gen;Ajouter des propriï¿½tï¿½s;Aggiungere proprietï¿½;Agregar propiedades
DeleteDocPropsButton;Delete properties;Eigenschappen verwijderen;Eigenschaften entfernen;Supprimer des propriï¿½tï¿½s;Eliminare proprietï¿½;Eliminar propiedades
ComponentPropertiesHeader;Component Properties;Componenteigenschappen;Komponenteneigenschaften;Propriï¿½tï¿½s du composant;Proprietï¿½ del componente;Propiedades del componente
AddToSelectionButton;Add to Selection;Aan selectie toevoegen;Zur Auswahl hinzufï¿½gen;Ajouter ï¿½ la sï¿½lection;Aggiungere alla selezione;Agregar a la selecciï¿½n
DeleteFromSelectionButton;Delete from Selection;Uit selectie verwijderen;Auswahl entfernen;Supprimer de la sï¿½lection;Rimuovere dalla selezione;Eliminar de la selecciï¿½n
AddToAllButton;Add to All;Aan alle toevoegen;Allen hinzufï¿½gen;Ajouter ï¿½ tout;Aggiungere a tutti;Agregar a todos
DeleteFromAllButton;Delete from All;Alles verwijderen;Alles entfernen;Supprimer tout;Rimuovere tutto;Eliminar todo
Engraving;Engraving;Graveren;Gravieren;Gravure;Incisione;Grabado
RadioComponentName;Component Name;Componentnaam;Komponentenname;Nom du composant;Nome componente;Nombre del componente
RadioBodyName;Body Name;Body-naam;Kï¿½rpername;Nom du corps;Nome corpo;Nombre del cuerpo
RadioCustom;Custom;Aangepast;Benutzerdefiniert;Personnalisï¿½;Personalizzato;Personalizado
EngravingCheckBox;Engraving;Graveren;Gravieren;Gravure;Incisione;Grabado
CutOutCheckBox;CutOut;Uitsnede;Ausschnitt;Dï¿½coupe;Ritaglio;Recorte
FontText;Font;Lettertype;Schriftart;Police;Carattere;Fuente
EngravingSizeText;Size;Grootte;Grï¿½ï¿½e;Taille;Dimensione;Tamaï¿½o
CenterCheckBox;Center;Centreren;Zentrieren;Centrer;Centrare;Centrar
AddNoteButton;Create;Aanmaken;Erstellen;Crï¿½er;Creare;Crear
Imprint;Imprint;Afdruk;Prï¿½gung;Empreinte;Impronta;Impresiï¿½n
ImprintBodyButton;Imprint Body;Body-afdruk;Kï¿½rperprï¿½gung;Empreinte du corps;Impronta del corpo;Impresiï¿½n del cuerpo
ImprintLinesButton;Imprint Lines;Lijnafdruk;Linienprï¿½gung;Empreinte des lignes;Impronta delle linee;Impresiï¿½n de lï¿½neas
ImprintToEngravingButton;Imprint to Engraving;Afdruk naar gravure;Prï¿½gung zur Gravur;Empreinte vers gravure;Impronta su incisione;Impresiï¿½n en grabado
GetSizes;Get Sizes;Maten ophalen;Grï¿½ï¿½en abrufen;Obtenir les tailles;Ottieni misure;Obtener tamaï¿½os
Bolt;Bolt;Bout;Schraube;Boulon;Bullone;Perno
lblFasteners_Type;Name;Naam;Name;Nom;Nome;Nombre
lblFasteners_Size;Size;Grootte;Grï¿½ï¿½e;Taille;Dimensione;Tamaï¿½o
lblFasteners_Bolt_Length;Length;Lengte;Lï¿½nge;Longueur;Lunghezza;Longitud
WasherTop;Washer Top;Bovenring;Obere Scheibe;Rondelle supï¿½rieure;Rondella superiore;Arandela superior
chkFastenersInclude;Include;Opnemen;Einbeziehen;Inclure;Includere;Incluir
WasherBottom;Washer Bottom;Onderste ring;Untere Scheibe;Rondelle infï¿½rieure;Rondella inferiore;Arandela inferior
Nut;Nut;Moer;Mutter;ï¿½crou;Dado;Tuerca
lblFasteners_Custom_File;File;Bestand;Datei;Fichier;File;Archivo
grpFastenersCustom;Use custom part;Aangepast onderdeel gebruiken;Benutzerdefiniertes Teil verwenden;Utiliser une piï¿½ce personnalisï¿½e;Usare parte personalizzata;Usar pieza personalizada
lblFasteners_Distance;Distance;Afstand;Abstand;Distance;Distanza;Distancia
chkFastenersLock;Lock;Vergrendelen;Sperren;Verrouiller;Bloccare;Bloquear
btnFastenersInsert;Insert;Invoegen;Einfï¿½gen;Insï¿½rer;Inserire;Insertar
GenerateProfileHeader;Generate Profile;Profiel genereren;Profil generieren;Gï¿½nï¿½rer profil;Generare profilo;Generar perfil
DXF;Custom profile;Aangepast profiel;Benutzerdefiniertes Profil;Profil personnalisï¿½;Profilo personalizzato;Perfil personalizado
SolidProfileText;Solid Profile;Solide profiel;Solides Profil;Profil solide;Profilo solido;Perfil sï¿½lido
SearchLabel;Search:;Zoeken:;Suchen:;Recherche:;Ricerca:;Buscar:
GenerateProfileButtonText;Generate Profile;Profiel genereren;Profil generieren;Gï¿½nï¿½rer profil;Generare profilo;Generar perfil
UpdateBOMText;Update BOM;BOM bijwerken;Stï¿½ckliste aktualisieren;Mettre ï¿½ jour la nomenclature;Aggiorna distinta base;Actualizar BOM
GenerateJointHeader;Generate Joint;Joint genereren;Joint generieren;Gï¿½nï¿½rer joint;Generare giunto;Generar uniï¿½n
RestoreGeometryText;Geometry;Geometrie;Geometrie;Gï¿½omï¿½trie;Geometria;Geometrï¿½a
GapLabel;Gap (mm);Speling (mm);Spiel (mm);Jeu (mm);Gioco (mm);Holgura (mm)
RestoreJointText;Joint;Verbinding;Verbindung;Jonction;Giunto;Uniï¿½n
ExecuteJointText;Execute Joint;Verbinding uitvoeren;Verbindung ausfï¿½hren;Exï¿½cuter jonction;Eseguire giunto;Ejecutar uniï¿½n
UpdateBOMJointText;Update BOM;BOM bijwerken;Stï¿½ckliste aktualisieren;Mettre ï¿½ jour la nomenclature;Aggiorna distinta base;Actualizar BOM
PlateHeader;Plate;Plaat;Platte;Plaque;Piastra;Placa
CreatePlate;Create;Aanmaken;Erstellen;Crï¿½er;Creare;Crear
PlaceInMiddle;Add to middle;In het midden toevoegen;In die Mitte einfï¿½gen;Ajouter au centre;Aggiungere al centro;Agregar al centro
RibCutoutText;Cutout;Uitsnede;Ausschnitt;Dï¿½coupe;Sfondamento;Recorte
ToleranceLabel;Tolerance;Tolerantie;Toleranz;Tolï¿½rance;Tolleranza;Tolerancia
ReverseDirectionText;Reverse direction;Richting omkeren;Richtung umkehren;Inverser la direction;Invertire direzione;Invertir direcciï¿½n
MiddleToleranceText;Middle Tolerance;Middentolerantie;Mitteltoleranz;Tolï¿½rance moyenne;Tolleranza media;Tolerancia media
PerpendicularCutText;Perpendicular Cut;Perpendiculaire snede;Rechtwinkliger Schnitt;Coupe perpendiculaire;Taglio perpendicolare;Corte perpendicular
WeldRoundText;Weld Round;Rond lassen;Rundschweiï¿½en;Soudage circulaire;Saldatura circolare;Soldadura circular
AddWeldRoundText;Add Weld Round;Rondlassen toevoegen;Rundschweiï¿½en hinzufï¿½gen;Ajouter soudage circulaire;Aggiungere saldatura circolare;Agregar soldadura circular
CreateText;Create;Aanmaken;Erstellen;Crï¿½er;Creare;Crear
Settings_Title;Settings;Instellingen;Einstellungen;Paramï¿½tres;Impostazioni;Configuraciï¿½n
Label_PartNaming;Part naming:;Onderdeelnamen:;Bauteilbenennung:;Nommage de piï¿½ce:;Denominazione parte:;Nombrado de pieza:
Label_AnchorX;Anchor X:;Anker X:;Anker X:;Ancre X:;Ancora X:;Ancla X:
Label_AnchorY;Anchor Y:;Anker Y:;Anker Y:;Ancre Y:;Ancora Y:;Ancla Y:
Label_Corner;Corner:;Hoek:;Ecke:;Coin:;Angolo:;Esquina:
Checkbox_ExcelMaterial;Include material in Excel;Materiaal opnemen in Excel;Material in Excel einbeziehen;Inclure matï¿½riau dans Excel;Includere materiale in Excel;Incluir material en Excel
Checkbox_BOMMaterial;Include material in BOM;Materiaal opnemen in stuklijst;Material in Stï¿½ckliste einbeziehen;Inclure matï¿½riau dans nomenclature;Includere materiale nella distinta base;Incluir material en BOM
Checkbox_STEPMaterial;Include material in STEP filename;Materiaal opnemen in STEP-bestandsnaam;Material in STEP-Dateiname einbeziehen;Inclure matï¿½riau dans le nom de fichier STEP;Includere materiale nel nome del file STEP;Incluir material en nombre de archivo STEP
Label_SelectLanguage;Select language:;Taal selecteren:;Sprache auswï¿½hlen:;Sï¿½lectionner la langue:;Selezionare la lingua:;Seleccionar idioma:
Label_Version;Version;Versie;Version;Version;Versione;Versiï¿½n
Label_LicenseStatus;License Status:;Licentiestatus:;Lizenzstatus:;Statut de la licence:;Stato della licenza:;Estado de la licencia:
Label_LicenseDetails;License Details:;Licentiedetails:;Lizenzdetails:;Dï¿½tails de la licence:;Dettagli della licenza:;Detalles de la licencia:
Label_SerialNumber;Serial Number:;Serienummer:;Seriennummer:;Numï¿½ro de sï¿½rie:;Numero di serie:;Nï¿½mero de serie:
Button_ActivateLicense;Activate;Activeren;Aktivieren;Activer;Attivare;Activar
Button_Save;Save;Opslaan;Speichern;Enregistrer;Salvare;Guardar
Expander_PartNaming;Part naming;Onderdeelnamen;Bauteilbenennung;Nommage de piï¿½ce;Denominazione parte;Nombrado de pieza
Group_NamingScheme;Naming scheme;Naamgevingsschema;Benennungsschema;Schï¿½ma de nommage;Schema di nomenclatura;Esquema de nomenclatura
Column_Type;Type;Type;Typ;Type;Tipo;Tipo
Column_Name;Name;Naam;Name;Nom;Nome;Nombre
Expander_BOMPlacement;BOM settings;Stuklijst instellingen;Stï¿½cklisten Einstellungen;Paramï¿½tres de nomenclature;Impostazioni distinta base;Configuraciï¿½n de la lista de materiales
Group_CoordinatesOrigin;Coordinates and origin;Coï¿½rdinaten en oorsprong;Koordinaten und Ursprung;Coordonnï¿½es et origine;Coordinate e origine;Coordenadas y origen
Expander_MaterialOptions;Material options;Materiaalopties;Materialoptionen;Options de matï¿½riau;Opzioni materiale;Opciones de material
Group_MaterialInclusion;Material Inclusion;Materiaalopname;Materialeinschluss;Inclusion de matï¿½riau;Inclusione materiale;Inclusiï¿½n de material
CsvFileExpander;CSV File Paths;CSV-bestandspaden;CSV-Dateipfade;Chemins de fichiers CSV;Percorsi file CSV;Rutas de archivos CSV
Expander_License;License;Licentie;Lizenz;Licence;Licenza;Licencia
Expander_Language;Language;Taal;Sprache;Langue;Lingua;Idioma
CSVFilePaths;CSV File Paths;CSV-bestandspaden;CSV-Dateipfade;Chemins de fichiers CSV;Percorsi file CSV;Rutas de archivos CSV
Ribbon.Button.FrameGenerator;Frame Generator;Framegenerator;Rahmengenerator;Gï¿½nï¿½rateur d'ossature;Generatore di telai;Generador de estructuras
Ribbon.Button.Settings;Settings;Instellingen;Einstellungen;Paramï¿½tres;Impostazioni;Configuraciï¿½n
Ribbon.Button.Plate;Plate;Plaat;Platte;Plaque;Piastra;Placa
Ribbon.Button.Fastener;Fastener;Bevestigingsmiddel;Befestigungselement;ï¿½lï¿½ment de fixation;Elemento di fissaggio;Elemento de fijaciï¿½n
Ribbon.Button.RibCutOut;Rib Cut-Out;Rib uitsparing;Rippenausschnitt;Dï¿½coupe de nervure;Ritaglio per nervatura;Recorte de nervadura
Ribbon.Button.CustomProperties;Custom Properties;Aangepaste eigenschappen;Benutzerdefinierte Eigenschaften;Propriï¿½tï¿½s personnalisï¿½es;Proprietï¿½ personalizzate;Propiedades personalizadas
Ribbon.Button.Engraving;Engraving;Graveren;Gravur;Gravure;Incisione;Grabado
Ribbon.Button.FloatOld;Float;Zwevend;Schwebend;Flottant;Flottante;Flotante
Ribbon.Button.Float;Dock / Undock;Vastzetten / Loskoppelen;Andocken / Abdocken;Ancrer / Dï¿½tacher;Ancorare / Sganciare;Anclar / Desanclar
Ribbon.Button.ExportExcel;Export to Excel;Exporteren naar Excel;Nach Excel exportieren;Exporter vers Excel;Esporta in Excel;Exportar a Excel
Ribbon.Button.GenerateBOM;Generate BOM;Stuklijst genereren;Stï¿½ckliste erstellen;Gï¿½nï¿½rer la nomenclature;Genera distinta base;Generar lista de materiales
Ribbon.Button.UpdateBOM;Update BOM;Stuklijst bijwerken;Stï¿½ckliste aktualisieren;Mettre ï¿½ jour la nomenclature;Aggiorna distinta base;Actualizar lista de materiales
Ribbon.Button.ExportSTEP;Export STEP;Exporteren naar STEP;Nach STEP exportieren;Exporter en STEP;Esporta in STEP;Exportar a STEP
Ribbon.Button.Connector;Connector;Connector;Verbinder;Connecteur;Connettore;Conector
ConnectoreHeader;Parameters;Parameters;Parameter;Paramï¿½tres;Parametri;Parï¿½metros
ConnectorShape;Shape;Vorm;Form;Forme;Forma;Forma
connectorUseCustomText;Use custom;Aangepast gebruiken;Benutzerdefiniert verwenden;Utiliser personnalisï¿½;Usa personalizzato;Usar personalizado
ConnectorDynamicHeightText;Dynamic;Dynamisch;Dynamisch;Dynamique;Dinamico;Dinï¿½mico
ConnectorHeightText;Height;Hoogte;Hï¿½he;Hauteur;Altezza;Altura
connectorWidth1Text;Width bottom;Onderbreedte;Breite unten;Largeur infï¿½rieure;Larghezza inferiore;Ancho inferior
connectorWidth2Text;Width top;Bovenbreedte;Breite oben;Largeur supï¿½rieure;Larghezza superiore;Ancho superior
connectorRadiusText;Radius;Straal;Radius;Rayon;Raggio;Radio
connectorChamferText;Chamfer;Afschuining;Fase;Chanfrein;Smusso;Chaflï¿½n
connectorRadiusChamferText;Radius / Chamfer;Straal / Afschuining;Radius / Fase;Rayon / Chanfrein;Raggio / Smusso;Radio / Chaflï¿½n
connectorToleranceText;Tolerance;Tolerantie;Toleranz;Tolï¿½rance;Tolleranza;Tolerancia
connectorLocationText;Location;Locatie;Position;Emplacement;Posizione;Ubicaciï¿½n
connectorCornerCutoutText;Corner cutout;Hoekuitsparing;Eckaussparung;Dï¿½coupe dï¿½angle;Scarico angolo;Recorte de esquina
connectorShowToleranceText;Show tolerance;Toon tolerantie;Toleranz anzeigen;Afficher la tolï¿½rance;Mostra tolleranza;Mostrar tolerancia
connectorCornerCutoutRadiusText;Cutout radius;Uitsparingsstraal;Aussparungsradius;Rayon de la dï¿½coupe;Raggio dello scasso;Radio del recorte
connectorClickLocationText;Click location;Kliklocatie;Klickposition;Emplacement du clic;Posizione del clic;Ubicaciï¿½n del clic
connectorStraightText;Straight connector;Rechte connector;Gerader Verbinder;Connecteur droit;Connettore diritto;Conector recto
Label_BOMAnchor;Drawing sheet anchor;Ankerpunt tekenblad;Ankerpunkt des Zeichnungsblatts;Point d'ancrage de la feuille de dessin;Punto di ancoraggio del foglio di disegno;Punto de anclaje de la hoja de dibujo
Group_Units;Units;Eenheden;Einheiten;Unitï¿½s;Unitï¿½;Unidades
Label_BOMLengthUnit;Unit length;Lengte-eenheid;Lï¿½ngeneinheit;Unitï¿½ de longueur;Unitï¿½ di lunghezza;Unidad de longitud
Ribbon.Button.ActivateNetworkBtn;Toggle network license;Netwerklicentie omschakelen;Netzwerklizenz umschalten;Basculer la licence rï¿½seau;Attiva o disattiva la licenza di rete;Alternar  licencia de red
DeleteProfileButton;Delete profile;Profiel verwijderen;Profil lï¿½schen;Supprimer le profil;Eliminare il profilo;Eliminar el perfil
lblFasteners_overwriteDist;Clamping distance;Klemafstand;Klemmabstand;Distance de serrage;Distanza di serraggio;Distancia de sujeciï¿½n
connectorPatternText;Pattern;Patroon;Muster;Motif;Serie;Patrï¿½n
Label_TypesDataGrid;Per-type overrides:;Overschrijving per type:;;;;
Label_CSVFilePaths_Intro;Paths to runtime CSV data files:;Paden naar CSV-databestanden:;;;;
Help_PartNaming;Template for the name of each profile component. Tokens:\n[Name] [length]\n[w] [h] [t] [s] [d]\n[p1] [p2] [p3] ... (positional dimensions per profile)\nAny CSV column also works, for example [D], [a], [b], [r1].;Sjabloon voor de naam van elk profielcomponent. Tokens:\n[Name] [length]\n[w] [h] [t] [s] [d]\n[p1] [p2] [p3] ... (positionele afmetingen per profiel)\nElke CSV-kolom werkt ook, bijvoorbeeld [D], [a], [b], [r1].;Vorlage für den Namen jeder Profilkomponente. Tokens:\n[Name] [length]\n[w] [h] [t] [s] [d]\n[p1] [p2] [p3] ... (positionsbezogene Maße je Profil)\nJede CSV-Spalte funktioniert ebenfalls, zum Beispiel [D], [a], [b], [r1].;Modèle de nom pour chaque composant de profil. Tokens :\n[Name] [length]\n[w] [h] [t] [s] [d]\n[p1] [p2] [p3] ... (cotes positionnelles par profil)\nToute colonne CSV fonctionne aussi, par exemple [D], [a], [b], [r1].;Modello per il nome di ogni componente di profilo. Token disponibili:\n[Name] [length]\n[w] [h] [t] [s] [d]\n[p1] [p2] [p3] ... (dimensioni posizionali per profilo)\nAnche qualsiasi colonna CSV è valida, per esempio [D], [a], [b], [r1].;Plantilla para el nombre de cada componente de perfil. Tokens:\n[Name] [length]\n[w] [h] [t] [s] [d]\n[p1] [p2] [p3] ... (dimensiones posicionales por perfil)\nCualquier columna del CSV también funciona, por ejemplo [D], [a], [b], [r1].
Help_TypesDataGrid;Per-profile overrides for the display name and naming template. The Name column is substituted for [Name]. The Naming scheme column overrides the global template for that type only.;Per profiel een aangepaste weergavenaam en naamsjabloon. De kolom Name wordt gebruikt voor [Name]. De kolom Naming scheme overschrijft het globale sjabloon alleen voor dat type.;Profilspezifische Überschreibungen für Anzeigename und Namensvorlage. Die Spalte Name wird für [Name] eingesetzt. Die Spalte Naming scheme überschreibt die globale Vorlage nur für diesen Typ.;Remplacements par profil pour le nom affiché et le modèle de nommage. La colonne Name est substituée à [Name]. La colonne Naming scheme remplace le modèle global uniquement pour ce type.;Sostituzioni per profilo del nome visualizzato e del modello di denominazione. La colonna Name viene usata al posto di [Name]. La colonna Naming scheme sovrascrive il modello globale solo per quel tipo.;Sobrescrituras por perfil del nombre mostrado y de la plantilla de nomenclatura. La columna Name sustituye a [Name]. La columna Naming scheme reemplaza la plantilla global solo para ese tipo.
Help_Decimals;Maximum decimals shown in component names for dimensions and length (mm).;Maximum aantal decimalen in componentnamen voor afmetingen en lengte (mm).;Maximale Anzahl Nachkommastellen in Komponentennamen für Maße und Länge (mm).;Nombre maximal de décimales affichées dans les noms de composants pour les cotes et la longueur (mm).;Numero massimo di decimali mostrati nei nomi dei componenti per dimensioni e lunghezza (mm).;Decimales máximos mostrados en los nombres de componente para dimensiones y longitud (mm).
Help_BomDecimals;Maximum decimals shown in BOM and Excel exports for the length column.;Maximum aantal decimalen in BOM- en Excel-exports voor de lengtekolom.;Maximale Anzahl Nachkommastellen in BOM- und Excel-Exporten für die Längenspalte.;Nombre maximal de décimales affichées dans les exports BOM et Excel pour la colonne de longueur.;Numero massimo di decimali mostrati nella colonna lunghezza nelle esportazioni BOM ed Excel.;Decimales máximos mostrados en los exports BOM y Excel para la columna de longitud.
Help_FrameColor;When enabled, new profile components are placed on a Frames layer with this color (hex, for example #006d8b).;Indien ingeschakeld worden nieuwe profielcomponenten op een Frames-laag met deze kleur geplaatst (hex, bijvoorbeeld #006d8b).;Wenn aktiviert, werden neue Profilkomponenten auf einer Frames-Ebene mit dieser Farbe abgelegt (hex, zum Beispiel #006d8b).;Si activé, les nouveaux composants de profil sont placés sur un calque Frames avec cette couleur (hex, par exemple #006d8b).;Se attivato, i nuovi componenti di profilo vengono collocati su un layer Frames con questo colore (hex, per esempio #006d8b).;Si está activado, los nuevos componentes de perfil se colocan en una capa Frames con este color (hex, por ejemplo #006d8b).
Help_AnchorX;Horizontal position of the BOM table on the drawing sheet, in the active unit. Origin follows the Drawing sheet anchor setting.;Horizontale positie van de BOM-tabel op het tekeningblad, in de actieve eenheid. Oorsprong volgt de instelling Drawing sheet anchor.;Horizontale Position der BOM-Tabelle auf dem Zeichnungsblatt, in der aktiven Einheit. Der Ursprung folgt der Einstellung Drawing sheet anchor.;Position horizontale de la table BOM sur la feuille de dessin, dans l'unité active. L'origine suit le réglage Drawing sheet anchor.;Posizione orizzontale della tabella BOM sul foglio di disegno, nell'unità attiva. L'origine segue l'impostazione Drawing sheet anchor.;Posición horizontal de la tabla BOM en la hoja de dibujo, en la unidad activa. El origen sigue la configuración Drawing sheet anchor.
Help_AnchorY;Vertical position of the BOM table on the drawing sheet, in the active unit. Origin follows the Drawing sheet anchor setting.;Verticale positie van de BOM-tabel op het tekeningblad, in de actieve eenheid. Oorsprong volgt de instelling Drawing sheet anchor.;Vertikale Position der BOM-Tabelle auf dem Zeichnungsblatt, in der aktiven Einheit. Der Ursprung folgt der Einstellung Drawing sheet anchor.;Position verticale de la table BOM sur la feuille de dessin, dans l'unité active. L'origine suit le réglage Drawing sheet anchor.;Posizione verticale della tabella BOM sul foglio di disegno, nell'unità attiva. L'origine segue l'impostazione Drawing sheet anchor.;Posición vertical de la tabla BOM en la hoja de dibujo, en la unidad activa. El origen sigue la configuración Drawing sheet anchor.
Help_Corner;Which corner of the BOM table is placed at the Anchor X / Anchor Y point.;Welke hoek van de BOM-tabel wordt op het punt Anchor X / Anchor Y geplaatst.;Welche Ecke der BOM-Tabelle am Punkt Anchor X / Anchor Y platziert wird.;Coin de la table BOM qui est placé au point Anchor X / Anchor Y.;Quale angolo della tabella BOM viene posizionato sul punto Anchor X / Anchor Y.;Qué esquina de la tabla BOM se sitúa en el punto Anchor X / Anchor Y.
Help_BOMAnchor;Origin on the drawing sheet used to interpret Anchor X / Anchor Y (TopLeft, TopRight, BottomLeft, BottomRight).;Oorsprong op het tekeningblad voor Anchor X / Anchor Y (TopLeft, TopRight, BottomLeft, BottomRight).;Ursprung auf dem Zeichnungsblatt zur Interpretation von Anchor X / Anchor Y (TopLeft, TopRight, BottomLeft, BottomRight).;Origine sur la feuille de dessin utilisée pour interpréter Anchor X / Anchor Y (TopLeft, TopRight, BottomLeft, BottomRight).;Origine sul foglio di disegno usata per interpretare Anchor X / Anchor Y (TopLeft, TopRight, BottomLeft, BottomRight).;Origen en la hoja de dibujo usado para interpretar Anchor X / Anchor Y (TopLeft, TopRight, BottomLeft, BottomRight).
Help_BOMLengthUnit;Unit used for lengths in BOM and Excel exports (mm, cm, m, or inch). Model lengths stay in meters internally.;Eenheid voor lengtes in BOM- en Excel-exports (mm, cm, m of inch). Modellengtes blijven intern in meters.;Einheit für Längen in BOM- und Excel-Exporten (mm, cm, m oder inch). Modelllängen bleiben intern in Metern.;Unité utilisée pour les longueurs dans les exports BOM et Excel (mm, cm, m ou inch). Les longueurs du modèle restent en mètres en interne.;Unità usata per le lunghezze nelle esportazioni BOM ed Excel (mm, cm, m o inch). Le lunghezze del modello restano internamente in metri.;Unidad usada para longitudes en los exports BOM y Excel (mm, cm, m o inch). Las longitudes del modelo permanecen internamente en metros.
Help_MatInExcel;When enabled, the exported Excel BOM includes a Material column populated from each part.;Indien ingeschakeld bevat de geexporteerde Excel-BOM een Material-kolom gevuld met het materiaal van elk onderdeel.;Wenn aktiviert, enthält die exportierte Excel-BOM eine Spalte Material, gefüllt aus dem Material jedes Teils.;Si activé, la BOM Excel exportée inclut une colonne Material renseignée à partir de chaque pièce.;Se attivato, la BOM Excel esportata include una colonna Material compilata dal materiale di ogni parte.;Si está activado, el BOM exportado a Excel incluye una columna Material rellenada desde cada pieza.
Help_MatInBOM;When enabled, the BOM table placed on the drawing sheet includes a Material column.;Indien ingeschakeld bevat de BOM-tabel op het tekeningblad een Material-kolom.;Wenn aktiviert, enthält die auf dem Zeichnungsblatt platzierte BOM-Tabelle eine Spalte Material.;Si activé, la table BOM placée sur la feuille de dessin inclut une colonne Material.;Se attivato, la tabella BOM posizionata sul foglio di disegno include una colonna Material.;Si está activado, la tabla BOM situada en la hoja de dibujo incluye una columna Material.
Help_MatInSTEP;When enabled, STEP files exported per component are prefixed with the component material name.;Indien ingeschakeld worden STEP-bestanden per component voorafgegaan door de materiaalnaam.;Wenn aktiviert, werden je Komponente exportierte STEP-Dateien mit dem Materialnamen der Komponente präfixiert.;Si activé, les fichiers STEP exportés par composant sont préfixés par le nom du matériau du composant.;Se attivato, i file STEP esportati per componente vengono preceduti dal nome del materiale del componente.;Si está activado, los archivos STEP exportados por componente se prefijan con el nombre del material del componente.
Help_Language;User interface language. Press Save to apply the change.;Taal van de gebruikersinterface. Druk op Opslaan om de wijziging toe te passen.;Sprache der Benutzeroberfläche. Drücken Sie Speichern, um die Änderung anzuwenden.;Langue de l'interface utilisateur. Appuyez sur Save pour appliquer la modification.;Lingua dell'interfaccia utente. Premere Salva per applicare la modifica.;Idioma de la interfaz de usuario. Pulsar Guardar para aplicar el cambio.
Help_CSVFilePaths;Full paths to runtime CSV data (profiles, fasteners, plates, language, connector properties). Change only if you have moved the files.;Volledige paden naar runtime-CSV-data (profielen, bevestigingsmiddelen, platen, taal, connector-eigenschappen). Alleen wijzigen als u de bestanden hebt verplaatst.;Vollständige Pfade zu den Laufzeit-CSV-Daten (Profile, Befestiger, Platten, Sprache, Connector-Eigenschaften). Nur ändern, wenn Sie die Dateien verschoben haben.;Chemins complets vers les données CSV runtime (profils, fixations, plaques, langue, propriétés de connecteurs). À modifier uniquement si vous avez déplacé les fichiers.;Percorsi completi dei dati CSV runtime (profili, fissaggi, piastre, lingua, proprietà connettori). Modificare solo se i file sono stati spostati.;Rutas completas a los datos CSV en tiempo de ejecución (perfiles, fijaciones, placas, idioma, propiedades de conector). Modificar solo si ha movido los archivos.
Help_SerialNumber;License serial number issued by AESC. Paste or type it here and press Activate to validate the license.;Licentie-serienummer uitgegeven door AESC. Plak of typ het hier en druk op Activate om de licentie te valideren.;Lizenzseriennummer von AESC. Fügen Sie sie hier ein oder geben Sie sie ein und drücken Sie Activate, um die Lizenz zu prüfen.;Numéro de série de licence délivré par AESC. Collez-le ou saisissez-le ici puis appuyez sur Activate pour valider la licence.;Numero di serie della licenza rilasciato da AESC. Incollarlo o digitarlo qui e premere Activate per convalidare la licenza.;Número de serie de licencia emitido por AESC. Pegarlo o escribirlo aquí y pulsar Activate para validar la licencia.
Help_ActivateLicense;Validate the serial number and refresh the license status. The license file is stored at %ProgramData%\IPManager\AESC_License_Construct2026.lic.;Valideer het serienummer en vernieuw de licentiestatus. Het licentiebestand staat in %ProgramData%\IPManager\AESC_License_Construct2026.lic.;Seriennummer prüfen und Lizenzstatus aktualisieren. Die Lizenzdatei liegt unter %ProgramData%\IPManager\AESC_License_Construct2026.lic.;Validez le numéro de série et rafraîchissez le statut de la licence. Le fichier de licence est stocké dans %ProgramData%\IPManager\AESC_License_Construct2026.lic.;Convalida il numero di serie e aggiorna lo stato della licenza. Il file di licenza è memorizzato in %ProgramData%\IPManager\AESC_License_Construct2026.lic.;Validar el número de serie y actualizar el estado de la licencia. El archivo de licencia se almacena en %ProgramData%\IPManager\AESC_License_Construct2026.lic.
Label_Decimals;Decimals:;Decimalen:;Dezimalstellen:;Dï¿½cimales :;Decimali:;Decimales:
Label_BomDecimals;BOM decimals:;BOM-decimalen:;BOM-Dezimalstellen:;Dï¿½cimales BOM :;Decimali BOM:;Decimales BOM:
Checkbox_FrameColor;Profile color:;Profielkleur:;Profilfarbe:;Couleur du profil :;Colore profilo:;Color del perfil:
Settings_Label_LicenseType;License type:;Licentietype:;Lizenztyp:;Type de licence :;Tipo di licenza:;Tipo de licencia:
Settings_Grid_Type;Type;Type;Typ;Type;Tipo;Tipo
Settings_Grid_Name;Name;Naam;Name;Nom;Nome;Nombre
Settings_Grid_NamingScheme;Naming scheme;Naamgevingsschema;Benennungsschema;Schï¿½ma de nommage;Schema di nomenclatura;Esquema de nomenclatura
Settings_Placeholder_SerialNumber;Enter serial number Here;Voer hier het serienummer in;Seriennummer hier eingeben;Saisir le numï¿½ro de sï¿½rie ici;Inserire qui il numero di serie;Introducir el nï¿½mero de serie aquï¿½
Settings_Tooltip_SaveSettings;Save settings;Instellingen opslaan;Einstellungen speichern;Enregistrer les paramï¿½tres;Salva impostazioni;Guardar configuraciï¿½n
Settings_Tooltip_ImportSettings;Import settings from JSON file;Instellingen importeren uit JSON-bestand;Einstellungen aus JSON-Datei importieren;Importer les paramï¿½tres depuis un fichier JSON;Importa impostazioni da file JSON;Importar configuraciï¿½n desde archivo JSON
Settings_Tooltip_ExportSettings;Export settings to JSON file;Instellingen exporteren naar JSON-bestand;Einstellungen in JSON-Datei exportieren;Exporter les paramï¿½tres vers un fichier JSON;Esporta impostazioni in file JSON;Exportar configuraciï¿½n a archivo JSON
Settings_Tooltip_ResetSettings;Reset all settings to defaults (license preserved);Alle instellingen herstellen naar standaardwaarden (licentie blijft behouden);Alle Einstellungen auf Standard zurï¿½cksetzen (Lizenz bleibt erhalten);Rï¿½initialiser tous les paramï¿½tres aux valeurs par dï¿½faut (licence conservï¿½e);Ripristina tutte le impostazioni ai valori predefiniti (licenza mantenuta);Restablecer toda la configuraciï¿½n a los valores predeterminados (se conserva la licencia)
Settings_Tooltip_SelectNewFile;Select new file;Nieuw bestand selecteren;Neue Datei auswï¿½hlen;Sï¿½lectionner un nouveau fichier;Seleziona nuovo file;Seleccionar archivo nuevo
Settings_Tooltip_OpenFileLocation;Open file location;Bestandslocatie openen;Dateispeicherort ï¿½ffnen;Ouvrir l'emplacement du fichier;Apri percorso del file;Abrir ubicaciï¿½n del archivo
Settings_CsvPath_ConnectorProperties;Connector properties;Connector-eigenschappen;Verbindereigenschaften;Propriï¿½tï¿½s du connecteur;Proprietï¿½ connettore;Propiedades del conector
Settings_CsvPath_ComponentProperties;Component properties;Componenteigenschappen;Komponenteneigenschaften;Propriï¿½tï¿½s du composant;Proprietï¿½ componente;Propiedades del componente
Settings_CsvPath_Bolts;Bolts;Bouten;Schrauben;Boulons;Bulloni;Pernos
Settings_CsvPath_Nuts;Nuts;Moeren;Muttern;ï¿½crous;Dadi;Tuercas
Settings_CsvPath_Washers;Washers;Ringen;Scheiben;Rondelles;Rondelle;Arandelas
Settings_CsvPath_PlateProperties;Plate properties;Plaateigenschappen;Platteneigenschaften;Propriï¿½tï¿½s de plaque;Proprietï¿½ piastra;Propiedades de placa
Settings_CsvPath_ProfilesCircular;Profiles - circular;Profielen - rond;Profile - rund;Profils - circulaires;Profili - circolari;Perfiles - circulares
Settings_CsvPath_ProfilesH;Profiles - H;Profielen - H;Profile - H;Profils - H;Profili - H;Perfiles - H
Settings_CsvPath_ProfilesL;Profiles - L;Profielen - L;Profile - L;Profils - L;Profili - L;Perfiles - L
Settings_CsvPath_ProfilesRectangular;Profiles - rectangular;Profielen - rechthoekig;Profile - rechteckig;Profils - rectangulaires;Profili - rettangolari;Perfiles - rectangulares
Settings_CsvPath_ProfilesT;Profiles - T;Profielen - T;Profile - T;Profils - T;Profili - T;Perfiles - T
Settings_CsvPath_ProfilesU;Profiles - U;Profielen - U;Profile - U;Profils - U;Profili - U;Perfiles - U
Settings_CsvPath_CustomProfiles;Custom profiles;Aangepaste profielen;Benutzerdefinierte Profile;Profils personnalisï¿½s;Profili personalizzati;Perfiles personalizados
Settings_Msg_Saved;Settings saved.;Instellingen opgeslagen.;Einstellungen gespeichert.;Paramï¿½tres enregistrï¿½s.;Impostazioni salvate.;Configuraciï¿½n guardada.
Settings_Msg_SerialRequired;Please enter a serial number first.;Voer eerst een serienummer in.;Bitte zuerst eine Seriennummer eingeben.;Veuillez d'abord saisir un numï¿½ro de sï¿½rie.;Inserire prima un numero di serie.;Introduzca primero un nï¿½mero de serie.
Settings_Msg_LicenseActivated;License activated.;Licentie geactiveerd.;Lizenz aktiviert.;Licence activï¿½e.;Licenza attivata.;Licencia activada.
Settings_Msg_FolderNotFound;Folder not found.;Map niet gevonden.;Ordner nicht gefunden.;Dossier introuvable.;Cartella non trovata.;Carpeta no encontrada.
Settings_Msg_Exported;Settings exported:\n{0};Instellingen geï¿½xporteerd:\n{0};Einstellungen exportiert:\n{0};Paramï¿½tres exportï¿½s :\n{0};Impostazioni esportate:\n{0};Configuraciï¿½n exportada:\n{0}
Settings_Msg_Imported;Settings imported.;Instellingen geï¿½mporteerd.;Einstellungen importiert.;Paramï¿½tres importï¿½s.;Impostazioni importate.;Configuraciï¿½n importada.
Settings_Msg_Reset;Settings reset to defaults.;Instellingen hersteld naar standaardwaarden.;Einstellungen auf Standard zurï¿½ckgesetzt.;Paramï¿½tres rï¿½initialisï¿½s aux valeurs par dï¿½faut.;Impostazioni ripristinate ai valori predefiniti.;Configuraciï¿½n restablecida a los valores predeterminados.
Settings_Err_SaveFailed;Error saving settings:\n{0};Fout bij opslaan van instellingen:\n{0};Fehler beim Speichern der Einstellungen:\n{0};Erreur lors de l'enregistrement des paramï¿½tres :\n{0};Errore durante il salvataggio delle impostazioni:\n{0};Error al guardar la configuraciï¿½n:\n{0}
Settings_Err_ExportFailed;Export failed:\n{0};Exporteren mislukt:\n{0};Export fehlgeschlagen:\n{0};ï¿½chec de l'exportation :\n{0};Esportazione non riuscita:\n{0};Error al exportar:\n{0}
Settings_Err_ImportFailed;Import failed:\n{0};Importeren mislukt:\n{0};Import fehlgeschlagen:\n{0};ï¿½chec de l'importation :\n{0};Importazione non riuscita:\n{0};Error al importar:\n{0}
Settings_Err_InvalidJson;Invalid JSON.;Ongeldige JSON.;Ungï¿½ltiges JSON.;JSON non valide.;JSON non valido.;JSON no vï¿½lido.
Settings_Err_ResetFailed;Reset failed:\n{0};Herstellen mislukt:\n{0};Zurï¿½cksetzen fehlgeschlagen:\n{0};ï¿½chec de la rï¿½initialisation :\n{0};Ripristino non riuscito:\n{0};Error al restablecer:\n{0}
Settings_FileDialog_SelectCsvFor;Select CSV for {0};CSV selecteren voor {0};CSV auswï¿½hlen fï¿½r {0};Sï¿½lectionner le CSV pour {0};Selezionare CSV per {0};Seleccionar CSV para {0}
Settings_FileDialog_ExportJson;Export settings to JSON;Instellingen exporteren naar JSON;Einstellungen nach JSON exportieren;Exporter les paramï¿½tres en JSON;Esporta impostazioni in JSON;Exportar configuraciï¿½n a JSON
Settings_FileDialog_ImportJson;Import settings from JSON;Instellingen importeren uit JSON;Einstellungen aus JSON importieren;Importer les paramï¿½tres depuis JSON;Importa impostazioni da JSON;Importar configuraciï¿½n desde JSON
Settings_FileFilter_Csv;CSV files (*.csv);CSV-bestanden (*.csv);CSV-Dateien (*.csv);Fichiers CSV (*.csv);File CSV (*.csv);Archivos CSV (*.csv)
Settings_FileFilter_Json;JSON files (*.json);JSON-bestanden (*.json);JSON-Dateien (*.json);Fichiers JSON (*.json);File JSON (*.json);Archivos JSON (*.json)
Settings_FileFilter_AllFiles;All files (*.*);Alle bestanden (*.*);Alle Dateien (*.*);Tous les fichiers (*.*);Tutti i file (*.*);Todos los archivos (*.*)
Settings_Dialog_ResetConfirmTitle;Reset settings;Instellingen herstellen;Einstellungen zurï¿½cksetzen;Rï¿½initialiser les paramï¿½tres;Ripristina impostazioni;Restablecer configuraciï¿½n
Settings_Dialog_ResetConfirmBody;Reset all settings to defaults?\n\nThis will restore the default part-naming template, profile list, BOM layout, color, CSV paths and language.\n\nYour license activation (serial number) will be preserved.;Alle instellingen herstellen naar standaardwaarden?\n\nHiermee worden het standaardsjabloon voor onderdeelnamen, de profielenlijst, de BOM-indeling, de kleur, de CSV-paden en de taal hersteld.\n\nUw licentieactivering (serienummer) blijft behouden.;Alle Einstellungen auf Standard zurï¿½cksetzen?\n\nDamit werden die Standardvorlage fï¿½r Bauteilbenennung, die Profilliste, das BOM-Layout, die Farbe, die CSV-Pfade und die Sprache wiederhergestellt.\n\nIhre Lizenzaktivierung (Seriennummer) bleibt erhalten.;Rï¿½initialiser tous les paramï¿½tres aux valeurs par dï¿½faut ?\n\nCela restaurera le modï¿½le de nommage de piï¿½ce par dï¿½faut, la liste des profils, la mise en page BOM, la couleur, les chemins CSV et la langue.\n\nVotre activation de licence (numï¿½ro de sï¿½rie) sera conservï¿½e.;Ripristinare tutte le impostazioni ai valori predefiniti?\n\nVerranno ripristinati il modello predefinito di denominazione parte, l'elenco profili, il layout BOM, il colore, i percorsi CSV e la lingua.\n\nL'attivazione della licenza (numero di serie) verrï¿½ mantenuta.;ï¿½Restablecer toda la configuraciï¿½n a los valores predeterminados?\n\nEsto restaurarï¿½ la plantilla predeterminada de nombrado de piezas, la lista de perfiles, el diseï¿½o de BOM, el color, las rutas CSV y el idioma.\n\nSu activaciï¿½n de licencia (nï¿½mero de serie) se conservarï¿½.
Fastener_Msg_SelectImportTitle;Select a Fastener Part to Import;Bevestigingsmiddel selecteren om te importeren;Zu importierendes Befestigungselement auswï¿½hlen;Sï¿½lectionner un ï¿½lï¿½ment de fixation ï¿½ importer;Selezionare un elemento di fissaggio da importare;Seleccionar un elemento de fijaciï¿½n para importar
Fastener_Msg_ImportFilter;SpaceClaim Docs (*.scdoc)|*.scdoc|STEP Files (*.stp)|*.stp|SpaceClaim Docs (*.scdocx)|*.scdocx;SpaceClaim-documenten (*.scdoc)|*.scdoc|STEP-bestanden (*.stp)|*.stp|SpaceClaim-documenten (*.scdocx)|*.scdocx;SpaceClaim-Dokumente (*.scdoc)|*.scdoc|STEP-Dateien (*.stp)|*.stp|SpaceClaim-Dokumente (*.scdocx)|*.scdocx;Documents SpaceClaim (*.scdoc)|*.scdoc|Fichiers STEP (*.stp)|*.stp|Documents SpaceClaim (*.scdocx)|*.scdocx;Documenti SpaceClaim (*.scdoc)|*.scdoc|File STEP (*.stp)|*.stp|Documenti SpaceClaim (*.scdocx)|*.scdocx;Documentos SpaceClaim (*.scdoc)|*.scdoc|Archivos STEP (*.stp)|*.stp|Documentos SpaceClaim (*.scdocx)|*.scdocx
Fastener_Msg_ImportSuccess;Custom fastener imported successfully.;Aangepast bevestigingsmiddel succesvol geï¿½mporteerd.;Benutzerdefiniertes Befestigungselement erfolgreich importiert.;ï¿½lï¿½ment de fixation personnalisï¿½ importï¿½ avec succï¿½s.;Elemento di fissaggio personalizzato importato correttamente.;Elemento de fijaciï¿½n personalizado importado correctamente.
Fastener_Err_ImportFailed;Failed to import custom fastener:\n{0};Importeren van aangepast bevestigingsmiddel mislukt:\n{0};Import des benutzerdefinierten Befestigungselements fehlgeschlagen:\n{0};ï¿½chec de l'importation de l'ï¿½lï¿½ment de fixation personnalisï¿½ :\n{0};Importazione dell'elemento di fissaggio personalizzato non riuscita:\n{0};Error al importar el elemento de fijaciï¿½n personalizado:\n{0}
RibCutout_Msg_SelectOverlappingBodies;Please select two overlapping bodies.;Selecteer twee overlappende bodies.;Bitte zwei ï¿½berlappende Kï¿½rper auswï¿½hlen.;Veuillez sï¿½lectionner deux corps qui se chevauchent.;Selezionare due corpi sovrapposti.;Seleccione dos cuerpos superpuestos.
Plates_Err_CsvNotFound;{0} not found;{0} niet gevonden;{0} nicht gefunden;{0} introuvable;{0} non trovato;{0} no encontrado
Plates_Err_CsvParse;Error parsing PlatesProperties.csv at line {0}:\n{1};Fout bij lezen van PlatesProperties.csv op regel {0}:\n{1};Fehler beim Parsen von PlatesProperties.csv in Zeile {0}:\n{1};Erreur d'analyse de PlatesProperties.csv ï¿½ la ligne {0} :\n{1};Errore di analisi di PlatesProperties.csv alla riga {0}:\n{1};Error al analizar PlatesProperties.csv en la lï¿½nea {0}:\n{1}
Plates_Err_LoadFailed;Failed to load plate properties:\n{0};Plaateigenschappen laden mislukt:\n{0};Laden der Platteneigenschaften fehlgeschlagen:\n{0};ï¿½chec du chargement des propriï¿½tï¿½s de plaque :\n{0};Caricamento delle proprietï¿½ della piastra non riuscito:\n{0};Error al cargar las propiedades de placa:\n{0}
Plates_Err_InvalidInput;Invalid input format: {0}\nPlease check all numeric fields.;Ongeldige invoer: {0}\nControleer alle numerieke velden.;Ungï¿½ltiges Eingabeformat: {0}\nBitte alle numerischen Felder prï¿½fen.;Format d'entrï¿½e non valide : {0}\nVeuillez vï¿½rifier tous les champs numï¿½riques.;Formato di input non valido: {0}\nVerificare tutti i campi numerici.;Formato de entrada no vï¿½lido: {0}\nCompruebe todos los campos numï¿½ricos.
Plates_Err_Overflow;Input value is too large or too small: {0};Invoerwaarde is te groot of te klein: {0};Eingabewert ist zu groï¿½ oder zu klein: {0};La valeur saisie est trop grande ou trop petite : {0};Il valore inserito ï¿½ troppo grande o troppo piccolo: {0};El valor introducido es demasiado grande o demasiado pequeï¿½o: {0}
Plates_Err_Unexpected;Unexpected error: {0};Onverwachte fout: {0};Unerwarteter Fehler: {0};Erreur inattendue : {0};Errore imprevisto: {0};Error inesperado: {0}
DeleteProfileButtonText;Delete Profile;Profiel verwijderen;Profil lï¿½schen;Supprimer le profil;Elimina profilo;Eliminar perfil
Frame_Tooltip_MiterJoint;Miter joint;Verstekverbinding;Gehrungsverbindung;Assemblage ï¿½ onglet;Giunto a 45 gradi;Uniï¿½n a inglete
Frame_Tooltip_StraightJoint;Straight joint. Selection 1: long part, selection 2: shortened part. End cut perpendicular to selection 1.;Rechte verbinding. Selectie 1: lang onderdeel, selectie 2: ingekort onderdeel. Eindsnede loodrecht op selectie 1.;Gerade Verbindung. Auswahl 1: langes Teil, Auswahl 2: gekï¿½rztes Teil. Endschnitt senkrecht zu Auswahl 1.;Assemblage droit. Sï¿½lection 1 : piï¿½ce longue, sï¿½lection 2 : piï¿½ce raccourcie. Coupe d'extrï¿½mitï¿½ perpendiculaire ï¿½ la sï¿½lection 1.;Giunto diritto. Selezione 1: parte lunga, selezione 2: parte accorciata. Taglio finale perpendicolare alla selezione 1.;Uniï¿½n recta. Selecciï¿½n 1: pieza larga, selecciï¿½n 2: pieza acortada. Corte final perpendicular a la selecciï¿½n 1.
Frame_Tooltip_StraightJoint2;Straight joint. Selection 1: long part, selection 2: shortened part. End cut parallel to selection 2.;Rechte verbinding. Selectie 1: lang onderdeel, selectie 2: ingekort onderdeel. Eindsnede parallel aan selectie 2.;Gerade Verbindung. Auswahl 1: langes Teil, Auswahl 2: gekï¿½rztes Teil. Endschnitt parallel zu Auswahl 2.;Assemblage droit. Sï¿½lection 1 : piï¿½ce longue, sï¿½lection 2 : piï¿½ce raccourcie. Coupe d'extrï¿½mitï¿½ parallï¿½le ï¿½ la sï¿½lection 2.;Giunto diritto. Selezione 1: parte lunga, selezione 2: parte accorciata. Taglio finale parallelo alla selezione 2.;Uniï¿½n recta. Selecciï¿½n 1: pieza larga, selecciï¿½n 2: pieza acortada. Corte final paralelo a la selecciï¿½n 2.
Frame_Tooltip_TJoint;T joint. Selection 1: long part, selection 2: shortened part.;T-verbinding. Selectie 1: lang onderdeel, selectie 2: ingekort onderdeel.;T-Verbindung. Auswahl 1: langes Teil, Auswahl 2: gekï¿½rztes Teil.;Assemblage en T. Sï¿½lection 1 : piï¿½ce longue, sï¿½lection 2 : piï¿½ce raccourcie.;Giunto a T. Selezione 1: parte lunga, selezione 2: parte accorciata.;Uniï¿½n en T. Selecciï¿½n 1: pieza larga, selecciï¿½n 2: pieza acortada.
Frame_Tooltip_NoJoint;No joint;Geen verbinding;Keine Verbindung;Aucun assemblage;Nessun giunto;Sin uniï¿½n
Frame_Tooltip_CutOut;Cutout selected profiles;Geselecteerde profielen uitsnijden;Ausgewï¿½hlte Profile ausschneiden;Dï¿½couper les profils sï¿½lectionnï¿½s;Ritaglia profili selezionati;Recortar perfiles seleccionados
Frame_Tooltip_Trim;Cutout on selected planes;Uitsnijden op geselecteerde vlakken;Ausschnitt an ausgewï¿½hlten Ebenen;Dï¿½coupe sur les plans sï¿½lectionnï¿½s;Ritaglio sui piani selezionati;Recorte en los planos seleccionados
Frame_Tooltip_RestoreGeometry;Reset full geometry;Volledige geometrie herstellen;Gesamte Geometrie zurï¿½cksetzen;Rï¿½initialiser toute la gï¿½omï¿½trie;Ripristina geometria completa;Restablecer toda la geometrï¿½a
Frame_Tooltip_RestoreJoint;Reset halves of profile part of selected joint;Profielhelften van geselecteerde verbinding herstellen;Profilhï¿½lften der ausgewï¿½hlten Verbindung zurï¿½cksetzen;Rï¿½initialiser les moitiï¿½s de profil de l'assemblage sï¿½lectionnï¿½;Ripristina le metï¿½ del profilo del giunto selezionato;Restablecer las mitades de perfil de la uniï¿½n seleccionada
Frame_Tooltip_RemoveProfile;Remove this profile;Dit profiel verwijderen;Dieses Profil entfernen;Supprimer ce profil;Rimuovi questo profilo;Eliminar este perfil
Frame_Dialog_DxfSelectTitle;Select a DXF File;DXF-bestand selecteren;DXF-Datei auswï¿½hlen;Sï¿½lectionner un fichier DXF;Selezionare un file DXF;Seleccionar un archivo DXF
Frame_Dialog_DxfFilter;DXF Files (*.dxf)|*.dxf;DXF-bestanden (*.dxf)|*.dxf;DXF-Dateien (*.dxf)|*.dxf;Fichiers DXF (*.dxf)|*.dxf;File DXF (*.dxf)|*.dxf;Archivos DXF (*.dxf)|*.dxf
Frame_Dialog_DxfPreviewTitle;DXF Preview: {0};DXF-voorbeeld: {0};DXF-Vorschau: {0};Aperï¿½u DXF : {0};Anteprima DXF: {0};Vista previa DXF: {0}
Frame_Msg_ConfirmDeleteProfileTitle;Confirm Deletion;Verwijdering bevestigen;Lï¿½schen bestï¿½tigen;Confirmer la suppression;Conferma eliminazione;Confirmar eliminaciï¿½n
Frame_Msg_ConfirmDeleteProfileBody;Are you sure you want to delete the custom profile "{0}"?;Weet u zeker dat u het aangepaste profiel "{0}" wilt verwijderen?;Soll das benutzerdefinierte Profil "{0}" wirklich gelï¿½scht werden?;Voulez-vous vraiment supprimer le profil personnalisï¿½ "{0}" ?;Eliminare il profilo personalizzato "{0}"?;ï¿½Seguro que desea eliminar el perfil personalizado "{0}"?
Frame_Status_InitFailed;Failed to initialize ProfileSelectionControl:\n{0};Initialiseren van ProfileSelectionControl mislukt:\n{0};Initialisierung von ProfileSelectionControl fehlgeschlagen:\n{0};ï¿½chec de l'initialisation de ProfileSelectionControl :\n{0};Inizializzazione di ProfileSelectionControl non riuscita:\n{0};Error al inicializar ProfileSelectionControl:\n{0}
Frame_Status_UserProfilesLoadFailed;Error loading user profiles:\n{0};Fout bij laden van gebruikersprofielen:\n{0};Fehler beim Laden der Benutzerprofile:\n{0};Erreur lors du chargement des profils utilisateur :\n{0};Errore durante il caricamento dei profili utente:\n{0};Error al cargar los perfiles de usuario:\n{0}
Frame_Status_PreviewRenderFailed;Failed to render saved preview image:\n{0};Renderen van opgeslagen voorbeeldafbeelding mislukt:\n{0};Rendern des gespeicherten Vorschaubildes fehlgeschlagen:\n{0};ï¿½chec du rendu de l'image d'aperï¿½u enregistrï¿½e :\n{0};Rendering dell'immagine di anteprima salvata non riuscito:\n{0};Error al renderizar la imagen de vista previa guardada:\n{0}
Frame_Status_PreviewSaveFailed;Failed to save preview image to disk:\n{0};Opslaan van voorbeeldafbeelding mislukt:\n{0};Speichern des Vorschaubildes auf der Festplatte fehlgeschlagen:\n{0};ï¿½chec de l'enregistrement de l'image d'aperï¿½u sur le disque :\n{0};Salvataggio dell'immagine di anteprima su disco non riuscito:\n{0};Error al guardar la imagen de vista previa en el disco:\n{0}
Frame_Status_FolderCreateFailed;Warning: Could not create folder:\n{0}\n\n{1};Waarschuwing: Kan map niet aanmaken:\n{0}\n\n{1};Warnung: Ordner konnte nicht erstellt werden:\n{0}\n\n{1};Avertissement : impossible de crï¿½er le dossier :\n{0}\n\n{1};Avviso: impossibile creare la cartella:\n{0}\n\n{1};Advertencia: no se pudo crear la carpeta:\n{0}\n\n{1}
Frame_Status_NoCurvesReconstructed;Could not reconstruct any curves from the saved profile string.;Kan geen curves reconstrueren uit het opgeslagen profielstring.;Aus der gespeicherten Profilzeichenfolge konnten keine Kurven rekonstruiert werden.;Impossible de reconstruire des courbes ï¿½ partir de la chaï¿½ne de profil enregistrï¿½e.;Impossibile ricostruire le curve dalla stringa di profilo salvata.;No se pudieron reconstruir curvas a partir de la cadena de perfil guardada.
Frame_Status_CsvLoadFailed;Failed to load CSV:\n{0};CSV laden mislukt:\n{0};Laden der CSV fehlgeschlagen:\n{0};ï¿½chec du chargement du CSV :\n{0};Caricamento del CSV non riuscito:\n{0};Error al cargar el CSV:\n{0}
Frame_Status_CsvNotFound;Could not find CSV for profile type '{0}'.;Kan geen CSV vinden voor profieltype '{0}'.;CSV fï¿½r Profiltyp '{0}' nicht gefunden.;Impossible de trouver le CSV pour le type de profil '{0}'.;Impossibile trovare il CSV per il tipo di profilo '{0}'.;No se encontrï¿½ el CSV para el tipo de perfil '{0}'.
Frame_Status_CsvMismatchedRow;Mismatched CSV row:\n{0};Niet-overeenkomende CSV-rij:\n{0};Nicht ï¿½bereinstimmende CSV-Zeile:\n{0};Ligne CSV non concordante :\n{0};Riga CSV non corrispondente:\n{0};Fila CSV no coincidente:\n{0}
Frame_Status_CsvUpdateFailed;Failed to update CSV:\n{0};CSV bijwerken mislukt:\n{0};Aktualisieren der CSV fehlgeschlagen:\n{0};ï¿½chec de la mise ï¿½ jour du CSV :\n{0};Aggiornamento del CSV non riuscito:\n{0};Error al actualizar el CSV:\n{0}
Frame_Status_CsvDeleteFailed;Failed to update CSV when deleting profile:\n{0};CSV bijwerken bij verwijderen van profiel mislukt:\n{0};Aktualisieren der CSV beim Lï¿½schen des Profils fehlgeschlagen:\n{0};ï¿½chec de la mise ï¿½ jour du CSV lors de la suppression du profil :\n{0};Aggiornamento del CSV durante l'eliminazione del profilo non riuscito:\n{0};Error al actualizar el CSV al eliminar el perfil:\n{0}
Frame_Status_DeleteProfileFailed;Delete Profile failed: {0};Profiel verwijderen mislukt: {0};Profil lï¿½schen fehlgeschlagen: {0};ï¿½chec de la suppression du profil : {0};Eliminazione del profilo non riuscita: {0};Error al eliminar el perfil: {0}
Frame_Status_ProfileComponentDeleted;Deleted profile component "{0}" and restored original curve visibility (where applicable).;Profielcomponent "{0}" verwijderd en oorspronkelijke curvezichtbaarheid hersteld (indien van toepassing).;Profilkomponente "{0}" gelï¿½scht und ursprï¿½ngliche Kurvensichtbarkeit wiederhergestellt (falls zutreffend).;Composant de profil "{0}" supprimï¿½ et visibilitï¿½ de courbe d'origine restaurï¿½e (le cas ï¿½chï¿½ant).;Componente profilo "{0}" eliminato e ripristinata la visibilitï¿½ delle curve originali (se applicabile).;Componente de perfil "{0}" eliminado y restaurada la visibilidad de curva original (cuando corresponde).
Frame_Status_ProfileImageLoadFailed;Failed to load image for profile "{0}":\n{1};Afbeelding laden voor profiel "{0}" mislukt:\n{1};Laden des Bildes fï¿½r Profil "{0}" fehlgeschlagen:\n{1};ï¿½chec du chargement de l'image du profil "{0}" :\n{1};Caricamento dell'immagine per il profilo "{0}" non riuscito:\n{1};Error al cargar la imagen del perfil "{0}":\n{1}
Frame_Status_ProfileImageDeleteFailed;Failed to delete image for profile "{0}":\n{1};Afbeelding verwijderen voor profiel "{0}" mislukt:\n{1};Lï¿½schen des Bildes fï¿½r Profil "{0}" fehlgeschlagen:\n{1};ï¿½chec de la suppression de l'image du profil "{0}" :\n{1};Eliminazione dell'immagine per il profilo "{0}" non riuscita:\n{1};Error al eliminar la imagen del perfil "{0}":\n{1}
Frame_Status_SelectProfileFirst;Please select a profile (built-in or user-saved) or load a DXF file before generating.;Selecteer een profiel (ingebouwd of door gebruiker opgeslagen) of laad een DXF-bestand vï¿½ï¿½r het genereren.;Bitte ein Profil (integriert oder benutzerdefiniert) auswï¿½hlen oder eine DXF-Datei laden, bevor generiert wird.;Veuillez sï¿½lectionner un profil (intï¿½grï¿½ ou enregistrï¿½ par l'utilisateur) ou charger un fichier DXF avant de gï¿½nï¿½rer.;Selezionare un profilo (integrato o salvato dall'utente) o caricare un file DXF prima di generare.;Seleccione un perfil (integrado o guardado por el usuario) o cargue un archivo DXF antes de generar.
Frame_Status_SelectProfileOwnedItem;Select a line, edge, face or curve that belongs to a profile component.;Selecteer een lijn, rand, vlak of curve die bij een profielcomponent hoort.;Linie, Kante, Flï¿½che oder Kurve auswï¿½hlen, die zu einer Profilkomponente gehï¿½rt.;Sï¿½lectionner une ligne, une arï¿½te, une face ou une courbe appartenant ï¿½ un composant de profil.;Selezionare una linea, uno spigolo, una faccia o una curva appartenente a un componente profilo.;Seleccione una lï¿½nea, arista, cara o curva que pertenezca a un componente de perfil.
Frame_Status_DxfOpenFailed;Failed to open DXF:\n{0};DXF openen mislukt:\n{0};ï¿½ffnen der DXF fehlgeschlagen:\n{0};ï¿½chec de l'ouverture du DXF :\n{0};Apertura del DXF non riuscita:\n{0};Error al abrir el DXF:\n{0}
Frame_Status_DxfProfileSucceeded;DXF -> Profile succeeded.\n\nName = {0}\n(Profile string copied to clipboard.);DXF -> Profiel gelukt.\n\nNaam = {0}\n(Profielstring gekopieerd naar klembord.);DXF -> Profil erfolgreich.\n\nName = {0}\n(Profilzeichenfolge in die Zwischenablage kopiert.);DXF -> Profil rï¿½ussi.\n\nNom = {0}\n(Chaï¿½ne de profil copiï¿½e dans le presse-papiers.);DXF -> Profilo riuscito.\n\nNome = {0}\n(Stringa di profilo copiata negli appunti.);DXF -> Perfil correcto.\n\nNombre = {0}\n(Cadena de perfil copiada al portapapeles.)
Frame_Status_DocReopenFailed;Failed to reopen document:\n{0};Document heropenen mislukt:\n{0};Erneutes ï¿½ffnen des Dokuments fehlgeschlagen:\n{0};ï¿½chec de la rï¿½ouverture du document :\n{0};Riapertura del documento non riuscita:\n{0};Error al volver a abrir el documento:\n{0}
Frame_Status_ExtrudeBuiltInFailed;An error occurred while extruding the built-in profile.;Er is een fout opgetreden bij het extruderen van het ingebouwde profiel.;Beim Extrudieren des integrierten Profils ist ein Fehler aufgetreten.;Une erreur s'est produite lors de l'extrusion du profil intï¿½grï¿½.;Si ï¿½ verificato un errore durante l'estrusione del profilo integrato.;Se produjo un error al extruir el perfil integrado.
Frame_Status_ExtrudeDxfFailed;An error occurred while extruding the DXF contours.\nSee log in addin folder for details.;Er is een fout opgetreden bij het extruderen van de DXF-contouren.\nZie het logbestand in de addin-map voor details.;Beim Extrudieren der DXF-Konturen ist ein Fehler aufgetreten.\nSiehe Protokoll im Addin-Ordner fï¿½r Details.;Une erreur s'est produite lors de l'extrusion des contours DXF.\nVoir le journal dans le dossier addin pour plus de dï¿½tails.;Si ï¿½ verificato un errore durante l'estrusione dei contorni DXF.\nVedere il log nella cartella addin per i dettagli.;Se produjo un error al extruir los contornos DXF.\nConsulte el registro en la carpeta del addin para obtener mï¿½s detalles.
Frame_Status_ExtrudeUserSavedFailed;An error occurred while extruding the user-saved profile.\nSee log in addin folder for details.;Er is een fout opgetreden bij het extruderen van het door de gebruiker opgeslagen profiel.\nZie het logbestand in de addin-map voor details.;Beim Extrudieren des vom Benutzer gespeicherten Profils ist ein Fehler aufgetreten.\nSiehe Protokoll im Addin-Ordner fï¿½r Details.;Une erreur s'est produite lors de l'extrusion du profil enregistrï¿½ par l'utilisateur.\nVoir le journal dans le dossier addin pour plus de dï¿½tails.;Si ï¿½ verificato un errore durante l'estrusione del profilo salvato dall'utente.\nVedere il log nella cartella addin per i dettagli.;Se produjo un error al extruir el perfil guardado por el usuario.\nConsulte el registro en la carpeta del addin para obtener mï¿½s detalles.
Engraving_Msg_InvalidSize;Invalid size ï¿½ please enter a number (e.g. 5 or 5.0).;Ongeldige grootte ï¿½ voer een getal in (bijv. 5 of 5.0).;Ungï¿½ltige Grï¿½ï¿½e ï¿½ bitte eine Zahl eingeben (z. B. 5 oder 5.0).;Taille non valide ï¿½ veuillez saisir un nombre (par ex. 5 ou 5.0).;Dimensione non valida ï¿½ inserire un numero (es. 5 o 5.0).;Tamaï¿½o no vï¿½lido ï¿½ introduzca un nï¿½mero (p. ej. 5 o 5.0).
Engraving_Msg_NotePlaced;Note placed.;Notitie geplaatst.;Notiz platziert.;Note placï¿½e.;Nota inserita.;Nota colocada.
Engraving_Msg_Error;Engraving Error;Graveerfout;Gravurfehler;Erreur de gravure;Errore di incisione;Error de grabado
Engraving_Msg_NoActiveWindow;No active window found.;Geen actief venster gevonden.;Kein aktives Fenster gefunden.;Aucune fenï¿½tre active trouvï¿½e.;Nessuna finestra attiva trovata.;No se encontrï¿½ ninguna ventana activa.
Engraving_Msg_NoActiveContext;No active context found.;Geen actieve context gevonden.;Kein aktiver Kontext gefunden.;Aucun contexte actif trouvï¿½.;Nessun contesto attivo trovato.;No se encontrï¿½ ningï¿½n contexto activo.
Engraving_Msg_SelectFaces;Please select one or more faces.;Selecteer ï¿½ï¿½n of meer vlakken.;Bitte eine oder mehrere Flï¿½chen auswï¿½hlen.;Veuillez sï¿½lectionner une ou plusieurs faces.;Selezionare una o piï¿½ facce.;Seleccione una o mï¿½s caras.
Engraving_Msg_NoRootPart;No root part found.;Geen hoofdonderdeel gevonden.;Kein Wurzelbauteil gefunden.;Aucune piï¿½ce racine trouvï¿½e.;Nessuna parte radice trovata.;No se encontrï¿½ la pieza raï¿½z.
Engraving_Msg_SelectSingleFace;Please select a single face.;Selecteer ï¿½ï¿½n vlak.;Bitte eine einzelne Flï¿½che auswï¿½hlen.;Veuillez sï¿½lectionner une seule face.;Selezionare una singola faccia.;Seleccione una sola cara.
Engraving_Msg_FaceNotPlanar;Selected face is not planar.;Geselecteerd vlak is niet vlak.;Ausgewï¿½hlte Flï¿½che ist nicht eben.;La face sï¿½lectionnï¿½e n'est pas plane.;La faccia selezionata non ï¿½ planare.;La cara seleccionada no es plana.
Engraving_Msg_DatumPlaneFailed;Could not create the target datum plane.;Kan het doel-referentievlak niet aanmaken.;Zielreferenzebene konnte nicht erstellt werden.;Impossible de crï¿½er le plan de rï¿½fï¿½rence cible.;Impossibile creare il piano di riferimento di destinazione.;No se pudo crear el plano de referencia de destino.
Engraving_Msg_EngravingFailed;Engraving failed. Ensure that the selected face belongs to a sheet metal solid body.;Graveren mislukt. Zorg dat het geselecteerde vlak bij een plaatwerk-body hoort.;Gravieren fehlgeschlagen. Stellen Sie sicher, dass die ausgewï¿½hlte Flï¿½che zu einem Blechkï¿½rper gehï¿½rt.;ï¿½chec de la gravure. Assurez-vous que la face sï¿½lectionnï¿½e appartient ï¿½ un corps solide de tï¿½lerie.;Incisione non riuscita. Assicurarsi che la faccia selezionata appartenga a un corpo solido in lamiera.;Error al grabar. Asegï¿½rese de que la cara seleccionada pertenezca a un cuerpo sï¿½lido de chapa.
Engraving_Msg_CutoutFailed;Cutout failed. Ensure that the selected face belongs to a sheet metal solid body.;Uitsnede mislukt. Zorg dat het geselecteerde vlak bij een plaatwerk-body hoort.;Ausschnitt fehlgeschlagen. Stellen Sie sicher, dass die ausgewï¿½hlte Flï¿½che zu einem Blechkï¿½rper gehï¿½rt.;ï¿½chec de la dï¿½coupe. Assurez-vous que la face sï¿½lectionnï¿½e appartient ï¿½ un corps solide de tï¿½lerie.;Ritaglio non riuscito. Assicurarsi che la faccia selezionata appartenga a un corpo solido in lamiera.;Error en el recorte. Asegï¿½rese de que la cara seleccionada pertenezca a un cuerpo sï¿½lido de chapa.
Connector_Label_3DPreview;3D Preview;3D-voorbeeld;3D-Vorschau;Aperï¿½u 3D;Anteprima 3D;Vista previa 3D
Connector_Label_EndRelief;End Relief;Eindverlichting;Endentlastung;Dï¿½gagement d'extrï¿½mitï¿½;Scarico terminale;Alivio final
Connector_Label_RectangularCut;Rectangular cut;Rechthoekige snede;Rechteckiger Schnitt;Coupe rectangulaire;Taglio rettangolare;Corte rectangular
Connector_Tooltip_3DPreview;Show a semi-transparent 3D preview of the connector in the viewport.;Toon een semi-transparant 3D-voorbeeld van de connector in de viewport.;Halbtransparente 3D-Vorschau des Verbinders im Ansichtsfenster anzeigen.;Afficher un aperï¿½u 3D semi-transparent du connecteur dans la fenï¿½tre.;Mostra un'anteprima 3D semitrasparente del connettore nella viewport.;Mostrar una vista previa 3D semitransparente del conector en la ventana grï¿½fica.
Connector_Tooltip_ClickLocation;If unchecked, connector gets placed on the center of the selected edge. If checked, the connector gets placed on the point you selected on the edge.;Indien uitgeschakeld wordt de connector in het midden van de geselecteerde rand geplaatst. Indien ingeschakeld wordt de connector op het aangeklikte punt van de rand geplaatst.;Wenn deaktiviert, wird der Verbinder in der Mitte der ausgewï¿½hlten Kante platziert. Wenn aktiviert, wird der Verbinder an dem auf der Kante ausgewï¿½hlten Punkt platziert.;Si dï¿½cochï¿½, le connecteur est placï¿½ au centre de l'arï¿½te sï¿½lectionnï¿½e. Si cochï¿½, le connecteur est placï¿½ au point sï¿½lectionnï¿½ sur l'arï¿½te.;Se deselezionato, il connettore viene posizionato al centro dello spigolo selezionato. Se selezionato, il connettore viene posizionato sul punto selezionato sullo spigolo.;Si se desactiva, el conector se coloca en el centro de la arista seleccionada. Si se activa, el conector se coloca en el punto seleccionado en la arista.
Connector_Tooltip_CornerCutout;Circular cutout on bottom of connector.;Ronde uitsparing aan de onderzijde van de connector.;Runde Aussparung an der Unterseite des Verbinders.;Dï¿½coupe circulaire au bas du connecteur.;Scarico circolare sul fondo del connettore.;Recorte circular en la parte inferior del conector.
Connector_Tooltip_DynamicHeight;If available height is smaller than input height, adjust automatically.;Als de beschikbare hoogte kleiner is dan de opgegeven hoogte, automatisch aanpassen.;Wenn die verfï¿½gbare Hï¿½he kleiner als die eingegebene Hï¿½he ist, automatisch anpassen.;Si la hauteur disponible est infï¿½rieure ï¿½ la hauteur saisie, ajuster automatiquement.;Se l'altezza disponibile ï¿½ inferiore a quella inserita, regola automaticamente.;Si la altura disponible es menor que la altura introducida, ajustar automï¿½ticamente.
Connector_Tooltip_EndRelief;Relief at the connector end, keeps the cut height as-is.;Verlichting aan het einde van de connector, behoudt de snijhoogte.;Entlastung am Verbinderende, behï¿½lt die Schnitthï¿½he bei.;Dï¿½gagement ï¿½ l'extrï¿½mitï¿½ du connecteur, conserve la hauteur de coupe.;Scarico all'estremitï¿½ del connettore, mantiene invariata l'altezza del taglio.;Alivio en el extremo del conector, mantiene la altura de corte.
Connector_Tooltip_EndReliefDisabled;End Relief is disabled while Rectangular cut is off.;Eindverlichting is uitgeschakeld zolang Rechthoekige snede uit staat.;Endentlastung ist deaktiviert, solange Rechteckiger Schnitt ausgeschaltet ist.;Le dï¿½gagement d'extrï¿½mitï¿½ est dï¿½sactivï¿½ tant que la coupe rectangulaire est dï¿½sactivï¿½e.;Lo scarico terminale ï¿½ disattivato finchï¿½ il taglio rettangolare ï¿½ disattivato.;El alivio final estï¿½ deshabilitado mientras el corte rectangular estï¿½ desactivado.
Connector_Tooltip_Location;Offset value. Can be positive or negative.;Offset-waarde. Kan positief of negatief zijn.;Versatzwert. Kann positiv oder negativ sein.;Valeur de dï¿½calage. Peut ï¿½tre positive ou nï¿½gative.;Valore di offset. Puï¿½ essere positivo o negativo.;Valor de desplazamiento. Puede ser positivo o negativo.
Connector_Tooltip_RectangularCut;If unchecked, connector follows the shape of the connector. If checked, the cut is rectangular.;Indien uitgeschakeld volgt de snede de vorm van de connector. Indien ingeschakeld is de snede rechthoekig.;Wenn deaktiviert, folgt der Schnitt der Form des Verbinders. Wenn aktiviert, ist der Schnitt rechteckig.;Si dï¿½cochï¿½, la coupe suit la forme du connecteur. Si cochï¿½, la coupe est rectangulaire.;Se deselezionato, il taglio segue la forma del connettore. Se selezionato, il taglio ï¿½ rettangolare.;Si se desactiva, el corte sigue la forma del conector. Si se activa, el corte es rectangular.
Connector_Tooltip_Tolerance;Distance between connector and target body.;Afstand tussen connector en doelbody.;Abstand zwischen Verbinder und Zielkï¿½rper.;Distance entre le connecteur et le corps cible.;Distanza tra il connettore e il corpo di destinazione.;Distancia entre el conector y el cuerpo de destino.
Connector_Err_AttachFailed;Failed to attach connector to target body.;Connector koppelen aan doelbody mislukt.;Verbinden des Verbinders mit dem Zielkï¿½rper fehlgeschlagen.;ï¿½chec de la fixation du connecteur au corps cible.;Collegamento del connettore al corpo di destinazione non riuscito.;Error al acoplar el conector al cuerpo de destino.
Connector_Err_BottomWidthTooLarge;Bottom width exceeds the available edge width.;Onderbreedte overschrijdt de beschikbare randbreedte.;Untere Breite ï¿½berschreitet die verfï¿½gbare Kantenbreite.;La largeur infï¿½rieure dï¿½passe la largeur d'arï¿½te disponible.;La larghezza inferiore supera la larghezza disponibile dello spigolo.;El ancho inferior supera el ancho de arista disponible.
Connector_Err_CylGeometryFailed;Cylindrical geometry creation failed;Aanmaken van cilindrische geometrie mislukt;Erstellung der zylindrischen Geometrie fehlgeschlagen;ï¿½chec de la crï¿½ation de la gï¿½omï¿½trie cylindrique;Creazione della geometria cilindrica non riuscita;Error al crear la geometrï¿½a cilï¿½ndrica
Connector_Err_InitFailed;Connector control initialization failed.;Initialisatie van connector-besturingselement mislukt.;Initialisierung des Verbinder-Steuerelements fehlgeschlagen.;ï¿½chec de l'initialisation du contrï¿½le de connecteur.;Inizializzazione del controllo connettore non riuscita.;Error en la inicializaciï¿½n del control del conector.
Connector_Err_InvalidEndRelief;Invalid End Relief value.;Ongeldige waarde voor Eindverlichting.;Ungï¿½ltiger Wert fï¿½r Endentlastung.;Valeur de dï¿½gagement d'extrï¿½mitï¿½ non valide.;Valore di scarico terminale non valido.;Valor de alivio final no vï¿½lido.
Connector_Err_InvalidWidth1;Invalid Width 1 value.;Ongeldige waarde voor Breedte 1.;Ungï¿½ltiger Wert fï¿½r Breite 1.;Valeur de largeur 1 non valide.;Valore di larghezza 1 non valido.;Valor de ancho 1 no vï¿½lido.
Connector_Err_InvalidWidth2;Invalid Width 2 value.;Ongeldige waarde voor Breedte 2.;Ungï¿½ltiger Wert fï¿½r Breite 2.;Valeur de largeur 2 non valide.;Valore di larghezza 2 non valido.;Valor de ancho 2 no vï¿½lido.
Connector_Err_MakeIndependentFailed;Could not make the body independent from its linked master.;Body kan niet onafhankelijk worden gemaakt van de gekoppelde master.;Kï¿½rper konnte nicht vom verknï¿½pften Master unabhï¿½ngig gemacht werden.;Impossible de rendre le corps indï¿½pendant de son maï¿½tre liï¿½.;Impossibile rendere il corpo indipendente dal master collegato.;No se pudo independizar el cuerpo del maestro vinculado.
Connector_Err_PatternAmountPositive;Pattern amount must be a positive integer.;Patroonaantal moet een positief geheel getal zijn.;Musteranzahl muss eine positive ganze Zahl sein.;La quantitï¿½ de motif doit ï¿½tre un entier positif.;La quantitï¿½ del pattern deve essere un numero intero positivo.;La cantidad del patrï¿½n debe ser un nï¿½mero entero positivo.
Connector_Err_PatternDoesNotFit;Pattern of {0} connectors does not fit on edge length {1} mm (total width {2} mm).;Patroon van {0} connectors past niet op randlengte {1} mm (totale breedte {2} mm).;Muster von {0} Verbindern passt nicht auf Kantenlï¿½nge {1} mm (Gesamtbreite {2} mm).;Le motif de {0} connecteurs ne tient pas sur une arï¿½te de {1} mm (largeur totale {2} mm).;Il pattern di {0} connettori non entra nella lunghezza spigolo {1} mm (larghezza totale {2} mm).;El patrï¿½n de {0} conectores no cabe en la longitud de arista {1} mm (ancho total {2} mm).
Connector_Err_PatternQtyMin;Pattern quantity must be at least 1.;Patroonaantal moet minstens 1 zijn.;Musteranzahl muss mindestens 1 sein.;La quantitï¿½ de motif doit ï¿½tre au moins 1.;La quantitï¿½ del pattern deve essere almeno 1.;La cantidad del patrï¿½n debe ser al menos 1.
Connector_Err_PresetsLoadFailed;Failed to load Connector presets.;Laden van Connector-voorinstellingen mislukt.;Laden der Verbinder-Voreinstellungen fehlgeschlagen.;ï¿½chec du chargement des prï¿½rï¿½glages de connecteur.;Caricamento dei preset del connettore non riuscito.;Error al cargar los ajustes preestablecidos del conector.
Connector_Err_RectCutAndRelief;End Relief requires Rectangular cut to be enabled.;Eindverlichting vereist dat Rechthoekige snede is ingeschakeld.;Endentlastung erfordert, dass Rechteckiger Schnitt aktiviert ist.;Le dï¿½gagement d'extrï¿½mitï¿½ nï¿½cessite que la coupe rectangulaire soit activï¿½e.;Lo scarico terminale richiede che il taglio rettangolare sia attivato.;El alivio final requiere que el corte rectangular estï¿½ habilitado.
Connector_Err_ReliefWidthsDiffer;End Relief requires Width 1 and Width 2 to be equal.;Eindverlichting vereist dat Breedte 1 en Breedte 2 gelijk zijn.;Endentlastung erfordert, dass Breite 1 und Breite 2 gleich sind.;Le dï¿½gagement d'extrï¿½mitï¿½ nï¿½cessite que la largeur 1 et la largeur 2 soient ï¿½gales.;Lo scarico terminale richiede che la larghezza 1 e la larghezza 2 siano uguali.;El alivio final requiere que el ancho 1 y el ancho 2 sean iguales.
Connector_Msg_FillValidValues;Please fill in valid values for all Connector parameters.;Vul geldige waarden in voor alle connector-parameters.;Bitte fï¿½r alle Verbinderparameter gï¿½ltige Werte eingeben.;Veuillez saisir des valeurs valides pour tous les paramï¿½tres du connecteur.;Inserire valori validi per tutti i parametri del connettore.;Introduzca valores vï¿½lidos para todos los parï¿½metros del conector.
Connector_Msg_LinkedBodiesCaption;Linked bodies;Gekoppelde bodies;Verknï¿½pfte Kï¿½rper;Corps liï¿½s;Corpi collegati;Cuerpos vinculados
Connector_Msg_LinkedBodiesText;The target body is linked to other bodies. Apply this connector to all linked bodies? Yes = all linked, No = this body only, Cancel = abort.;De doelbody is gekoppeld aan andere bodies. Deze connector toepassen op alle gekoppelde bodies? Ja = allemaal, Nee = alleen deze body, Annuleren = afbreken.;Der Zielkï¿½rper ist mit anderen Kï¿½rpern verknï¿½pft. Diesen Verbinder auf alle verknï¿½pften Kï¿½rper anwenden? Ja = alle verknï¿½pften, Nein = nur dieser Kï¿½rper, Abbrechen = abbrechen.;Le corps cible est liï¿½ ï¿½ d'autres corps. Appliquer ce connecteur ï¿½ tous les corps liï¿½s ? Oui = tous liï¿½s, Non = ce corps uniquement, Annuler = abandonner.;Il corpo di destinazione ï¿½ collegato ad altri corpi. Applicare questo connettore a tutti i corpi collegati? Sï¿½ = tutti collegati, No = solo questo corpo, Annulla = interrompi.;El cuerpo de destino estï¿½ vinculado a otros cuerpos. ï¿½Aplicar este conector a todos los cuerpos vinculados? Sï¿½ = todos los vinculados, No = solo este cuerpo, Cancelar = abortar.
Connector_Msg_NoInnerOuterFace;Could not identify inner/outer face or axis on the selected cylindrical edge.;Kon binnen-/buitenvlak of as op de geselecteerde cilindrische rand niet identificeren.;Innere/ï¿½uï¿½ere Flï¿½che oder Achse an der ausgewï¿½hlten zylindrischen Kante konnte nicht identifiziert werden.;Impossible d'identifier la face intï¿½rieure/extï¿½rieure ou l'axe sur l'arï¿½te cylindrique sï¿½lectionnï¿½e.;Impossibile identificare la faccia interna/esterna o l'asse sullo spigolo cilindrico selezionato.;No se pudo identificar la cara interior/exterior o el eje en la arista cilï¿½ndrica seleccionada.
Connector_Msg_NoValidEdges;No valid edges were found for connector placement.;Er zijn geen geldige randen gevonden voor plaatsing van connector.;Keine gï¿½ltigen Kanten fï¿½r die Verbinderplatzierung gefunden.;Aucune arï¿½te valide n'a ï¿½tï¿½ trouvï¿½e pour le placement du connecteur.;Non sono stati trovati spigoli validi per il posizionamento del connettore.;No se encontraron aristas vï¿½lidas para la colocaciï¿½n del conector.
Connector_Msg_SelectEdges;Please select one or more edges to place connectors on.;Selecteer ï¿½ï¿½n of meer randen om connectors op te plaatsen.;Bitte eine oder mehrere Kanten zur Platzierung von Verbindern auswï¿½hlen.;Veuillez sï¿½lectionner une ou plusieurs arï¿½tes pour y placer des connecteurs.;Selezionare uno o piï¿½ spigoli su cui posizionare i connettori.;Seleccione una o mï¿½s aristas donde colocar los conectores.
Connector_Msg_TooWide;Connector width exceeds the cylinder diameter, max allowed:;Connector-breedte overschrijdt de cilinderdiameter, max. toegestaan:;Verbinderbreite ï¿½berschreitet den Zylinderdurchmesser, max. zulï¿½ssig:;La largeur du connecteur dï¿½passe le diamï¿½tre du cylindre, max. autorisï¿½ :;La larghezza del connettore supera il diametro del cilindro, max consentito:;El ancho del conector supera el diï¿½metro del cilindro, mï¿½x. permitido:
Ribbon.Button.CompareBodies;Compare Bodies;Bodies vergelijken;Kï¿½rper vergleichen;Comparer les corps;Confronta corpi;Comparar cuerpos
Ribbon.Button.DetectClashes;Detect Clashes;Botsingen detecteren;Kollisionen erkennen;Dï¿½tecter les conflits;Rileva collisioni;Detectar colisiones
Ribbon.Button.ActivateNetwork;Toggle network license;Netwerklicentie omschakelen;Netzwerklizenz umschalten;Basculer la licence rï¿½seau;Attiva o disattiva licenza di rete;Alternar licencia de red
Ribbon.Group.FrameGenerator;Frame Generator;Framegenerator;Rahmengenerator;Gï¿½nï¿½rateur d'ossature;Generatore di telai;Generador de estructuras
Ribbon.Group.SketchTools;Sketch Tools;Schetsgereedschappen;Skizzenwerkzeuge;Outils de croquis;Strumenti schizzo;Herramientas de boceto
Ribbon.Group.Export;Export;Exporteren;Exportieren;Exporter;Esporta;Exportar
Ribbon.Group.Plate;Plate;Plaat;Platte;Plaque;Piastra;Placa
Ribbon.Group.Fastener;Fastener;Bevestigingsmiddel;Befestigungselement;ï¿½lï¿½ment de fixation;Elemento di fissaggio;Elemento de fijaciï¿½n
Ribbon.Group.Connector;Connector;Connector;Verbinder;Connecteur;Connettore;Conector
Ribbon.Group.RibCutOut;Rib Cut-Out;Rib uitsparing;Rippenausschnitt;Dï¿½coupe de nervure;Ritaglio per nervatura;Recorte de nervadura
Ribbon.Group.Engraving;Engraving;Graveren;Gravieren;Gravure;Incisione;Grabado
Ribbon.Group.CustomProperties;Custom Properties;Aangepaste eigenschappen;Benutzerdefinierte Eigenschaften;Propriï¿½tï¿½s personnalisï¿½es;Proprietï¿½ personalizzate;Propiedades personalizadas
Ribbon.Group.Settings;Settings;Instellingen;Einstellungen;Paramï¿½tres;Impostazioni;Configuraciï¿½n
Ribbon.Group.Network;License;Licentie;Lizenz;Licence;Licenza;Licencia
Frame_Dialog_ProfileNamePrompt;Enter a name for this profile (used as part-name prefix):;Voer een naam in voor dit profiel (gebruikt als prefix in onderdeelnaam):;Namen fï¿½r dieses Profil eingeben (wird als Bauteilnamen-Prï¿½fix verwendet):;Saisissez un nom pour ce profil (utilisï¿½ comme prï¿½fixe du nom de piï¿½ce) :;Inserisci un nome per questo profilo (usato come prefisso del nome parte):;Introduce un nombre para este perfil (usado como prefijo del nombre de pieza):
Frame_Dialog_ProfileNameTitle;Profile name;Profielnaam;Profilname;Nom du profil;Nome profilo;Nombre del perfil
Frame_Dialog_ProfileOriginWarning;Warning: profile is offset ~{0} mm from origin. The extruded body will be placed off-center.;Waarschuwing: profiel staat ~{0} mm uit de oorsprong. Het ge?xtrudeerde lichaam zal niet gecentreerd staan.;Warnung: Profil ist ~{0} mm vom Ursprung versetzt. Der extrudierte K?rper wird au?ermittig platziert.;Avertissement : le profil est d?cal? d'environ {0} mm par rapport ? l'origine. Le corps extrud? sera plac? hors centre.;Avviso: il profilo ? spostato di circa {0} mm dall'origine. Il solido estruso non sar? centrato.;Advertencia: el perfil est? desplazado ~{0} mm desde el origen. El s?lido extruido quedar? descentrado.
BrowseCustomButtonFstnr;Browse;Bladeren;Durchsuchen;Parcourir;Sfoglia;Examinar
Help_Fastener_GetSizes;Select a circular hole edge in the model, then click to auto-detect the hole diameter and pick the largest M-size that fits in every dropdown below.;Selecteer een ronde gatrand in het model en klik om de gatdiameter automatisch te detecteren. De grootste passende M-maat wordt in elke keuzelijst hieronder geselecteerd.;Wählen Sie eine kreisförmige Lochkante im Modell und klicken Sie, um den Lochdurchmesser zu erkennen und die größte passende M-Größe in jeder Dropdown-Liste unten zu wählen.;Sélectionnez une arête de trou circulaire dans le modèle, puis cliquez pour détecter automatiquement le diamètre du trou et choisir la plus grande taille M qui convient dans chaque liste déroulante ci-dessous.;Selezionare uno spigolo di foro circolare nel modello, poi fare clic per rilevare automaticamente il diametro del foro e scegliere la misura M più grande compatibile in ogni menu a tendina sottostante.;Seleccionar el borde de un agujero circular en el modelo y hacer clic para detectar automáticamente el diámetro y elegir la mayor talla M que encaje en cada desplegable inferior.
Help_Fastener_Bolt;The bolt is always inserted. Choose a standard, a metric thread size, and the shaft length.;De bout wordt altijd geplaatst. Kies een standaard, een metrische schroefdraadmaat en de schachtlengte.;Die Schraube wird immer eingefügt. Wählen Sie eine Norm, eine metrische Gewindegröße und die Schaftlänge.;Le boulon est toujours inséré. Choisissez un standard, une taille de filetage métrique et la longueur de tige.;La vite viene sempre inserita. Scegliere uno standard, una misura di filettatura metrica e la lunghezza del gambo.;El tornillo siempre se inserta. Elegir un estándar, una rosca métrica y la longitud del vástago.
Help_Fastener_BoltStandard;The bolt standard, for example DIN931 (partially threaded) or DIN912 (socket head cap). Available sizes depend on the chosen standard.;De boutstandaard, bijvoorbeeld DIN931 (gedeeltelijk draad) of DIN912 (inbusbout). Beschikbare maten hangen af van de gekozen standaard.;Die Schraubennorm, zum Beispiel DIN931 (teilweise Gewinde) oder DIN912 (Zylinderschraube mit Innensechskant). Die verfügbaren Größen hängen von der gewählten Norm ab.;Le standard du boulon, par exemple DIN931 (partiellement fileté) ou DIN912 (tête cylindrique à six pans creux). Les tailles disponibles dépendent du standard choisi.;Lo standard della vite, per esempio DIN931 (parzialmente filettata) o DIN912 (testa cilindrica a esagono incassato). Le misure disponibili dipendono dallo standard scelto.;Estándar del tornillo, por ejemplo DIN931 (parcialmente roscado) o DIN912 (cabeza cilíndrica con hueco hex). Las tallas disponibles dependen del estándar elegido.
Help_Fastener_BoltLength;Total bolt length in millimetres, measured per the chosen standard (typically under-head to tip).;Totale boutlengte in millimeter, gemeten volgens de gekozen standaard (meestal van onder de kop tot de punt).;Gesamtlänge der Schraube in Millimetern, gemessen gemäß der gewählten Norm (in der Regel von der Kopfunterseite bis zur Spitze).;Longueur totale du boulon en millimètres, mesurée selon le standard choisi (typiquement de sous-tête à pointe).;Lunghezza totale della vite in millimetri, misurata secondo lo standard scelto (tipicamente da sotto-testa alla punta).;Longitud total del tornillo en milímetros, medida según el estándar elegido (normalmente de bajo cabeza a punta).
Help_Fastener_WasherTop;Optional washer on the bolt-head side of the joint. Choose a standard and a size matching the bolt.;Optionele sluitring aan de boutkopzijde van de verbinding. Kies een standaard en een maat die bij de bout past.;Optionale Unterlegscheibe auf der Schraubenkopfseite der Verbindung. Wählen Sie eine Norm und eine zur Schraube passende Größe.;Rondelle optionnelle côté tête du boulon. Choisissez un standard et une taille correspondant au boulon.;Rondella opzionale sul lato della testa della vite. Scegliere uno standard e una misura compatibile con la vite.;Arandela opcional en el lado de la cabeza del tornillo. Elegir un estándar y una talla acorde al tornillo.
Help_Fastener_WasherBottom;Optional washer on the nut side of the joint. Often paired with a nut.;Optionele sluitring aan de moerzijde van de verbinding. Vaak gecombineerd met een moer.;Optionale Unterlegscheibe auf der Mutternseite der Verbindung. Oft mit einer Mutter kombiniert.;Rondelle optionnelle côté écrou. Souvent appairée avec un écrou.;Rondella opzionale sul lato del dado. Spesso abbinata a un dado.;Arandela opcional en el lado de la tuerca. Habitualmente se combina con una tuerca.
Help_Fastener_Nut;Optional nut at the bottom of the stack. Leave off for blind or tapped holes.;Optionele moer aan de onderzijde van de stapel. Laat weg bij blinde of getapte gaten.;Optionale Mutter am Ende des Stapels. Lassen Sie sie weg bei Sacklöchern oder Gewindebohrungen.;Écrou optionnel au bas de l'empilement. À laisser vide pour trous borgnes ou taraudés.;Dado opzionale in fondo al pacco. Lasciare disattivato per fori ciechi o filettati.;Tuerca opcional en la parte inferior del conjunto. Dejar sin marcar para agujeros ciegos o roscados.
Help_Fastener_UseCustom;Replace the standard fastener with your own SpaceClaim or STEP file from the shared Custom folder.;Vervang het standaard bevestigingsmiddel door een eigen SpaceClaim- of STEP-bestand uit de gedeelde Custom-map.;Ersetzen Sie den Standardbefestiger durch Ihre eigene SpaceClaim- oder STEP-Datei aus dem freigegebenen Custom-Ordner.;Remplacez la fixation standard par votre propre fichier SpaceClaim ou STEP depuis le dossier Custom partagé.;Sostituire il fissaggio standard con un proprio file SpaceClaim o STEP dalla cartella Custom condivisa.;Sustituir la fijación estándar por su propio archivo SpaceClaim o STEP de la carpeta Custom compartida.
Help_Fastener_CustomBrowse;Import a .scdoc, .scdocx or .stp file into the shared Custom folder so it becomes available in the file dropdown.;Importeer een .scdoc-, .scdocx- of .stp-bestand in de gedeelde Custom-map zodat het beschikbaar komt in de keuzelijst.;Importieren Sie eine .scdoc-, .scdocx- oder .stp-Datei in den freigegebenen Custom-Ordner, damit sie im Datei-Dropdown verfügbar wird.;Importez un fichier .scdoc, .scdocx ou .stp dans le dossier Custom partagé pour qu'il devienne disponible dans la liste déroulante.;Importare un file .scdoc, .scdocx o .stp nella cartella Custom condivisa affinché diventi disponibile nel menu a tendina dei file.;Importar un archivo .scdoc, .scdocx o .stp a la carpeta Custom compartida para que aparezca en el desplegable de archivos.
Help_Fastener_Distance;Distance in millimetres between the hole face and the bolt head (or the top washer).;Afstand in millimeter tussen het gatvlak en de boutkop (of de bovenste sluitring).;Abstand in Millimetern zwischen der Lochfläche und dem Schraubenkopf (oder der oberen Unterlegscheibe).;Distance en millimètres entre la face du trou et la tête du boulon (ou la rondelle supérieure).;Distanza in millimetri tra la faccia del foro e la testa della vite (o la rondella superiore).;Distancia en milímetros entre la cara del agujero y la cabeza del tornillo (o la arandela superior).
Help_Fastener_ClampingDistance;When checked, Distance is treated as the total clamping length between the two outer faces of the joint instead of an offset from a single face.;Indien aangevinkt wordt Distance opgevat als de totale klemlengte tussen de twee buitenvlakken van de verbinding, in plaats van een offset vanaf een enkel vlak.;Wenn aktiviert, wird Distance als gesamte Klemmlänge zwischen den beiden Außenflächen der Verbindung interpretiert statt als Versatz von einer einzelnen Fläche.;Si coché, Distance est interprétée comme la longueur totale de serrage entre les deux faces externes du joint au lieu d'un décalage depuis une seule face.;Se attivato, Distance viene interpretata come la lunghezza totale di serraggio tra le due facce esterne della giunzione invece che come offset da una singola faccia.;Si está marcado, Distance se interpreta como la longitud total de apriete entre las dos caras exteriores de la unión en lugar de un desplazamiento desde una sola cara.
Help_Fastener_Lock;When checked, the fastener bodies are locked so subsequent edits cannot accidentally modify them.;Indien aangevinkt worden de bodies van het bevestigingsmiddel vergrendeld, zodat latere bewerkingen ze niet per ongeluk kunnen wijzigen.;Wenn aktiviert, werden die Befestiger-Körper gesperrt, sodass nachfolgende Bearbeitungen sie nicht versehentlich verändern können.;Si coché, les corps de la fixation sont verrouillés afin que les modifications ultérieures ne puissent pas les altérer accidentellement.;Se attivato, i corpi del fissaggio vengono bloccati così che modifiche successive non possano alterarli accidentalmente.;Si está marcado, los cuerpos de la fijación quedan bloqueados para que ediciones posteriores no los modifiquen accidentalmente.
Fastener_Status_DetectedDiameter;Detected hole diameter: {0} mm.;;;;;
Fastener_Status_NoExactFit;No exact M-size fits the {1} mm hole for: {0}. Nearest size selected ï¿½ please verify before inserting.;;;;;
Help_Plate_ProfileType;Pick the plate shape. The illustration and parameter fields update to match the selected type.;Kies de plaatvorm. De illustratie en parametervelden passen zich aan op het gekozen type.;Wählen Sie die Plattenform. Abbildung und Parameterfelder passen sich an den gewählten Typ an.;Choisissez la forme de la plaque. L'illustration et les champs de paramètres s'adaptent au type sélectionné.;Selezionare la forma della piastra. L'illustrazione e i campi parametro si aggiornano in base al tipo selezionato.;Elegir la forma de la placa. La ilustración y los campos de parámetros se actualizan según el tipo seleccionado.
Help_Plate_Angle;Rotation of the plate around its insertion axis, in degrees.;Rotatie van de plaat rond de invoeg-as, in graden.;Drehung der Platte um ihre Einfügeachse, in Grad.;Rotation de la plaque autour de son axe d'insertion, en degrés.;Rotazione della piastra attorno al proprio asse di inserimento, in gradi.;Rotación de la placa alrededor de su eje de inserción, en grados.
Help_Plate_ProfileSize;Pre-defined size for the selected plate type. Loaded from the plates CSV under %ProgramData%\AESCConstruct.;Voorgedefinieerd formaat voor het gekozen plaattype. Geladen uit de platen-CSV onder %ProgramData%\AESCConstruct.;Vordefinierte Größe für den gewählten Plattentyp. Geladen aus der Platten-CSV unter %ProgramData%\AESCConstruct.;Taille prédéfinie pour le type de plaque sélectionné. Chargée depuis le CSV des plaques sous %ProgramData%\AESCConstruct.;Misura predefinita per il tipo di piastra selezionato. Caricata dal CSV delle piastre in %ProgramData%\AESCConstruct.;Tamaño predefinido para el tipo de placa seleccionado. Cargado desde el CSV de placas en %ProgramData%\AESCConstruct.
Help_Plate_Create;Generates the plate at the selected face or edge using the current parameters.;Genereert de plaat op het geselecteerde vlak of de geselecteerde rand met de huidige parameters.;Erzeugt die Platte an der gewählten Fläche oder Kante mit den aktuellen Parametern.;Génère la plaque sur la face ou l'arête sélectionnée en utilisant les paramètres actuels.;Genera la piastra sulla faccia o sullo spigolo selezionato usando i parametri correnti.;Genera la placa en la cara o el borde seleccionado con los parámetros actuales.
Help_Plate_AddToMiddle;When checked, the plate is centered on the selection instead of anchored at its origin.;Indien aangevinkt wordt de plaat gecentreerd op de selectie in plaats van verankerd op zijn oorsprong.;Wenn aktiviert, wird die Platte auf der Auswahl zentriert statt am eigenen Ursprung verankert.;Si coché, la plaque est centrée sur la sélection au lieu d'être ancrée à son origine.;Se attivato, la piastra viene centrata sulla selezione invece che ancorata alla sua origine.;Si está marcado, la placa se centra en la selección en lugar de anclarse en su origen.
Help_Frame_GenerateProfile;Build a new structural profile by extruding the selected cross-section along one or more curves you pick in the model.;Maak een nieuw structureel profiel door de gekozen doorsnede te extruderen langs een of meer curves die u in het model selecteert.;Erzeugen Sie ein neues Strukturprofil, indem Sie den gewählten Querschnitt entlang einer oder mehrerer im Modell ausgewählter Kurven extrudieren.;Construisez un nouveau profil structurel en extrudant la section choisie le long d'une ou plusieurs courbes sélectionnées dans le modèle.;Crea un nuovo profilo strutturale estrudendo la sezione trasversale selezionata lungo una o più curve scelte nel modello.;Crear un nuevo perfil estructural extruyendo la sección transversal seleccionada a lo largo de una o varias curvas elegidas en el modelo.
Help_Frame_ProfileType;Choose the cross-section family (Rectangular, Circular, H, L, U, T). The size dropdown and dimension fields below adapt to the selected family.;Kies de doorsnedefamilie (Rechthoekig, Rond, H, L, U, T). De maatkeuzelijst en afmetingsvelden hieronder passen zich aan de keuze aan.;Wählen Sie die Querschnittsfamilie (Rectangular, Circular, H, L, U, T). Die Größenliste und die Maßfelder darunter passen sich an die gewählte Familie an.;Choisissez la famille de section (Rectangular, Circular, H, L, U, T). La liste de tailles et les champs de cotes ci-dessous s'adaptent à la famille sélectionnée.;Scegliere la famiglia di sezione trasversale (Rectangular, Circular, H, L, U, T). Il menu delle misure e i campi dimensionali si adattano alla famiglia selezionata.;Elegir la familia de sección transversal (Rectangular, Circular, H, L, U, T). El desplegable de tamaños y los campos de dimensiones se adaptan a la familia seleccionada.
Help_Frame_CustomProfile;Use a custom cross-section sketched in a DXF or stored as a CSV row instead of one of the built-in shapes.;Gebruik een aangepaste doorsnede uit een DXF-schets of een CSV-rij in plaats van een ingebouwde vorm.;Verwenden Sie einen benutzerdefinierten Querschnitt aus einem DXF-Sketch oder einer CSV-Zeile statt einer eingebauten Form.;Utilisez une section personnalisée esquissée dans un DXF ou stockée comme ligne CSV au lieu d'une forme intégrée.;Usare una sezione personalizzata disegnata in un DXF o memorizzata come riga CSV invece di una delle forme predefinite.;Usar una sección transversal personalizada dibujada en DXF o guardada como fila CSV en lugar de una de las formas integradas.
Help_Frame_UploadDXF;Import a .dxf sketch as a new custom profile. You will be asked for a name, then it appears in the custom profile list.;Importeer een .dxf-schets als nieuw aangepast profiel. U wordt om een naam gevraagd, daarna verschijnt het in de lijst met aangepaste profielen.;Importieren Sie eine .dxf-Skizze als neues benutzerdefiniertes Profil. Sie werden nach einem Namen gefragt, danach erscheint es in der Liste der benutzerdefinierten Profile.;Importez une esquisse .dxf comme nouveau profil personnalisé. Un nom vous sera demandé, puis il apparaîtra dans la liste des profils personnalisés.;Importare uno schizzo .dxf come nuovo profilo personalizzato. Verrà richiesto un nome, poi apparirà nell'elenco dei profili personalizzati.;Importar un croquis .dxf como nuevo perfil personalizado. Se solicitará un nombre y a continuación aparecerá en la lista de perfiles personalizados.
Help_Frame_ProfileSize;Standard size from the CSV catalog for the chosen profile family. Picking a size fills the dimension fields automatically.;Standaardmaat uit de CSV-catalogus voor de gekozen profielfamilie. Een keuze vult de afmetingsvelden automatisch in.;Standardgröße aus dem CSV-Katalog für die gewählte Profilfamilie. Die Auswahl füllt die Maßfelder automatisch aus.;Taille standard du catalogue CSV pour la famille de profil choisie. La sélection d'une taille remplit automatiquement les champs de cotes.;Misura standard dal catalogo CSV per la famiglia di profili scelta. La scelta di una misura compila automaticamente i campi dimensionali.;Tamaño estándar del catálogo CSV para la familia de perfil elegida. Al elegir un tamaño se rellenan automáticamente los campos de dimensiones.
Help_Frame_EditSizes;Open the CSV file for this profile family in your default editor so you can add, edit, or remove sizes.;Open het CSV-bestand voor deze profielfamilie in uw standaard editor om maten toe te voegen, te wijzigen of te verwijderen.;Öffnet die CSV-Datei dieser Profilfamilie im Standardeditor, sodass Sie Größen hinzufügen, ändern oder entfernen können.;Ouvrez le fichier CSV de cette famille de profils dans votre éditeur par défaut pour ajouter, modifier ou supprimer des tailles.;Apre il file CSV di questa famiglia di profili nell'editor predefinito per aggiungere, modificare o rimuovere misure.;Abrir el archivo CSV de esta familia de perfil en el editor predeterminado para añadir, editar o eliminar tamaños.
Help_Frame_SolidHollow;When checked the profile is solid. Uncheck to make it hollow and use the wall-thickness field for the tube wall.;Indien aangevinkt is het profiel massief. Uitvinken maakt het hol en gebruikt het wanddikteveld voor de buiswand.;Wenn aktiviert, ist das Profil massiv. Deaktivieren Sie, um es hohl zu machen, und nutzen Sie das Feld für die Wandstärke des Rohres.;Si coché, le profil est plein. Décochez pour le rendre creux et utilisez le champ d'épaisseur de paroi pour la paroi du tube.;Se attivato, il profilo è pieno. Disattivare per renderlo cavo e usare il campo spessore parete per la parete del tubo.;Si está marcado, el perfil es macizo. Desmarcar para hacerlo hueco y usar el campo de espesor de pared para la pared del tubo.
Help_Frame_RotationAngle;Rotation of the cross-section around the curve, in degrees. Positive values rotate counter-clockwise viewed along the curve direction.;Rotatie van de doorsnede rond de curve, in graden. Positieve waarden draaien tegen de klok in gezien langs de curverichting.;Drehung des Querschnitts um die Kurve, in Grad. Positive Werte drehen gegen den Uhrzeigersinn in Richtung der Kurve gesehen.;Rotation de la section autour de la courbe, en degrés. Les valeurs positives tournent dans le sens antihoraire vu dans le sens de la courbe.;Rotazione della sezione attorno alla curva, in gradi. Valori positivi ruotano in senso antiorario guardando lungo la direzione della curva.;Rotación de la sección transversal alrededor de la curva, en grados. Los valores positivos giran en sentido antihorario visto en la dirección de la curva.
Help_Frame_CustomProfileSearch;Filter the custom-profile list by name. Matching is case-insensitive and matches any part of the name.;Filter de lijst met aangepaste profielen op naam. Hoofdletterongevoelig en matcht elk deel van de naam.;Filtert die Liste der benutzerdefinierten Profile nach Name. Groß-/Kleinschreibung wird ignoriert und ein beliebiger Namensteil passt.;Filtrez la liste des profils personnalisés par nom. La recherche est insensible à la casse et correspond à toute partie du nom.;Filtra l'elenco dei profili personalizzati per nome. La ricerca non distingue maiuscole/minuscole e corrisponde a qualsiasi parte del nome.;Filtrar la lista de perfiles personalizados por nombre. La coincidencia no distingue mayúsculas y coincide con cualquier parte del nombre.
Help_Frame_ProfileDimensions;Editable cross-section dimensions in millimetres. Changing a value overrides the standard size, and the preview image labels each variable.;Aanpasbare doorsnede-afmetingen in millimeters. Wijzigen overschrijft de standaardmaat. De preview-afbeelding benoemt elke variabele.;Editierbare Querschnittsmaße in Millimetern. Eine Wertänderung überschreibt die Standardgröße. Das Vorschaubild beschriftet jede Variable.;Cotes de section éditables en millimètres. La modification d'une valeur remplace la taille standard et l'image d'aperçu étiquette chaque variable.;Dimensioni modificabili della sezione in millimetri. Modificare un valore sovrascrive la misura standard e l'immagine di anteprima etichetta ogni variabile.;Dimensiones editables de la sección transversal en milímetros. Cambiar un valor sobrescribe el tamaño estándar y la imagen de vista previa etiqueta cada variable.
Help_Frame_Anchor;Anchor point of the cross-section relative to the curve (the center, an edge midpoint, or a corner). The curve passes through this point along the profile length.;Ankerpunt van de doorsnede ten opzichte van de curve (centrum, midden van een rand, of een hoek). De curve loopt door dit punt over de profiellengte.;Ankerpunkt des Querschnitts relativ zur Kurve (Mittelpunkt, Kantenmitte oder Ecke). Die Kurve verläuft entlang der Profillänge durch diesen Punkt.;Point d'ancrage de la section par rapport à la courbe (le centre, le milieu d'une arête ou un coin). La courbe passe par ce point sur toute la longueur du profil.;Punto di ancoraggio della sezione rispetto alla curva (centro, punto medio di uno spigolo o angolo). La curva passa per questo punto lungo la lunghezza del profilo.;Punto de anclaje de la sección transversal respecto a la curva (el centro, el punto medio de un borde o una esquina). La curva pasa por este punto a lo largo de la longitud del perfil.
Help_Frame_GenerateProfileButton;Extrude the chosen profile along every selected curve and create the parts. Use Ctrl-click in the model to add curves before pressing.;Extrudeer het gekozen profiel langs elke geselecteerde curve en maak de onderdelen aan. Gebruik Ctrl-klik in het model om curves toe te voegen voordat u drukt.;Extrudiert das gewählte Profil entlang jeder ausgewählten Kurve und erzeugt die Teile. Verwenden Sie Strg+Klick im Modell, um vor dem Drücken weitere Kurven hinzuzufügen.;Extrudez le profil choisi le long de chaque courbe sélectionnée et créez les pièces. Utilisez Ctrl-clic dans le modèle pour ajouter des courbes avant d'appuyer.;Estrude il profilo scelto lungo ogni curva selezionata e crea le parti. Usare Ctrl-clic nel modello per aggiungere curve prima di premere.;Extruir el perfil elegido a lo largo de cada curva seleccionada y crear las piezas. Usar Ctrl-clic en el modelo para añadir curvas antes de pulsar.
Help_Frame_DeleteProfileButton;Remove the selected generated profile parts. Their underlying curves are kept so you can re-generate.;Verwijder de geselecteerde gegenereerde profielonderdelen. De onderliggende curves blijven behouden voor hergeneratie.;Entfernt die ausgewählten erzeugten Profilteile. Die zugrunde liegenden Kurven bleiben erhalten, damit Sie neu generieren können.;Supprimez les pièces de profil générées sélectionnées. Leurs courbes sous-jacentes sont conservées afin que vous puissiez régénérer.;Rimuove le parti di profilo generate selezionate. Le curve sottostanti vengono mantenute per consentire la rigenerazione.;Eliminar las piezas de perfil generadas seleccionadas. Las curvas subyacentes se conservan para poder regenerar.
Help_Frame_UpdateBOM;When checked, the BOM table on the drawing sheet is refreshed automatically after the profile is generated.;Indien aangevinkt wordt de BOM-tabel op het tekeningblad automatisch ververst nadat het profiel is gegenereerd.;Wenn aktiviert, wird die BOM-Tabelle auf dem Zeichnungsblatt nach dem Erzeugen des Profils automatisch aktualisiert.;Si coché, la table BOM sur la feuille de dessin est actualisée automatiquement après la génération du profil.;Se attivato, la tabella BOM sul foglio di disegno viene aggiornata automaticamente dopo la generazione del profilo.;Si está marcado, la tabla BOM en la hoja de dibujo se actualiza automáticamente tras generar el perfil.
Help_Frame_GenerateJoint;Trim, miter, or cut connecting profiles so they meet cleanly. Select two or more profiles in the model before executing.;Knip, verstek of snijd aansluitende profielen zodat ze netjes op elkaar aansluiten. Selecteer twee of meer profielen in het model voor uitvoering.;Trimmen, gehren oder schneiden Sie verbundene Profile, damit sie sauber aufeinandertreffen. Wählen Sie vor der Ausführung zwei oder mehr Profile im Modell aus.;Coupez, mettez à l'onglet ou découpez des profils connectés pour qu'ils s'ajustent proprement. Sélectionnez deux profils ou plus dans le modèle avant l'exécution.;Taglia, esegue il taglio a Miter o sagoma i profili di collegamento affinché si incontrino in modo pulito. Selezionare due o più profili nel modello prima di eseguire.;Recortar, ingletear o cortar los perfiles que conectan para que encajen limpiamente. Seleccionar dos o más perfiles en el modelo antes de ejecutar.
Help_Frame_JointType;Joint style applied between the selected profiles. Hover each option for its rule (Miter, Straight, T, Cutout, Trim, No joint).;Verbindingsstijl tussen de geselecteerde profielen. Beweeg over een optie voor de regel (Verstek, Recht, T, Uitsnede, Trim, Geen).;Verbindungsstil zwischen den gewählten Profilen. Bewegen Sie den Mauszeiger über eine Option, um die Regel zu sehen (Miter, Straight, T, Cutout, Trim, No joint).;Style de joint appliqué entre les profils sélectionnés. Survolez chaque option pour voir sa règle (Miter, Straight, T, Cutout, Trim, No joint).;Stile di giunzione applicato tra i profili selezionati. Passare sopra ciascuna opzione per la regola (Miter, Straight, T, Cutout, Trim, No joint).;Estilo de unión aplicado entre los perfiles seleccionados. Pasar el cursor por cada opción para ver su regla (Miter, Straight, T, Cutout, Trim, sin unión).
Help_Frame_RestoreGeometry;Restore the full original geometry of the selected profile, undoing any previous joint cuts or trims on it.;Herstel de volledige oorspronkelijke geometrie van het geselecteerde profiel en maak eerdere verstekken of trims op dat profiel ongedaan.;Stellt die vollständige ursprüngliche Geometrie des gewählten Profils wieder her und macht alle früheren Verbindungsschnitte oder Trims daran rückgängig.;Restaurez la géométrie d'origine complète du profil sélectionné, en annulant toute coupe ou ajustement de joint précédent dessus.;Ripristina la geometria originale completa del profilo selezionato, annullando i tagli o le rifilature di giunzione precedenti su di esso.;Restaurar la geometría original completa del perfil seleccionado, deshaciendo los cortes o recortes de uniones previos sobre él.
Help_Frame_Gap;Gap in millimetres left between the two profile ends at the joint (use 0 for a tight fit, positive for clearance).;Spleet in millimeters tussen de twee profieleinden bij de verbinding (0 voor strak passen, positief voor speling).;Spalt in Millimetern zwischen den beiden Profilenden an der Verbindung (0 für engen Sitz, positiver Wert für Spiel).;Jeu en millimètres laissé entre les deux extrémités de profil au joint (utilisez 0 pour un ajustement serré, positif pour du dégagement).;Gioco in millimetri lasciato tra le due estremità del profilo nella giunzione (usare 0 per un accoppiamento stretto, valori positivi per dare gioco).;Holgura en milímetros entre los dos extremos del perfil en la unión (usar 0 para ajuste justo, positivo para holgura).
Help_Frame_RestoreJoint;Restore both halves of the selected joint to their pre-cut shape, undoing only that joint without touching others.;Herstel beide helften van de geselecteerde verbinding naar hun vorm van voor de snede, alleen die verbinding en niet andere.;Stellt beide Hälften der gewählten Verbindung in ihrer Form vor dem Schnitt wieder her, ausschließlich für diese Verbindung ohne andere zu beeinflussen.;Restaurez les deux moitiés du joint sélectionné à leur forme avant coupe, en annulant uniquement ce joint sans toucher aux autres.;Ripristina entrambe le metà della giunzione selezionata alla loro forma originale, annullando solo quella giunzione senza toccare le altre.;Restaurar ambas mitades de la unión seleccionada a su forma previa al corte, deshaciendo solo esa unión sin afectar a las demás.
Help_Frame_ExecuteJoint;Apply the selected joint style with the configured gap to the profiles you have selected in the model.;Pas de gekozen verbindingsstijl met de ingestelde spleet toe op de in het model geselecteerde profielen.;Wendet den gewählten Verbindungsstil mit dem eingestellten Spalt auf die im Modell ausgewählten Profile an.;Appliquez le style de joint sélectionné avec le jeu configuré aux profils sélectionnés dans le modèle.;Applica lo stile di giunzione selezionato con il gioco configurato ai profili selezionati nel modello.;Aplicar el estilo de unión seleccionado con la holgura configurada a los perfiles que haya seleccionado en el modelo.
Help_Frame_UpdateBOMJoint;When checked, the BOM table is refreshed automatically after the joint operation so any length changes are reflected.;Indien aangevinkt wordt de BOM-tabel automatisch ververst na de verbindingsbewerking zodat lengtewijzigingen worden meegenomen.;Wenn aktiviert, wird die BOM-Tabelle nach der Verbindungsbearbeitung automatisch aktualisiert, sodass Längenänderungen übernommen werden.;Si coché, la table BOM est actualisée automatiquement après l'opération de joint afin que les changements de longueur soient reflétés.;Se attivato, la tabella BOM viene aggiornata automaticamente dopo l'operazione di giunzione così le variazioni di lunghezza vengono riflesse.;Si está marcado, la tabla BOM se actualiza automáticamente tras la operación de unión para reflejar los cambios de longitud.
Help_Connector_Shape;Connector geometry style. Determines the shape of the cut applied to the host body and the visible connector profile.;Vorm van de connector. Bepaalt de vorm van de uitsnede in het doelbody en het zichtbare connectorprofiel.;Geometriestil des Connectors. Bestimmt die Form des Schnitts im Zielkörper und das sichtbare Connector-Profil.;Style de géométrie du connecteur. Détermine la forme de la coupe appliquée au corps hôte et le profil visible du connecteur.;Stile geometrico del connettore. Determina la forma del taglio applicato al corpo ospite e il profilo visibile del connettore.;Estilo de geometría del conector. Determina la forma del corte aplicado al cuerpo anfitrión y el perfil visible del conector.
Help_Connector_DynamicHeight;When checked, the connector height is shrunk automatically if the available material is thinner than the entered Height. Uncheck to enforce the exact value.;Indien aangevinkt wordt de connectorhoogte automatisch verkleind als het beschikbare materiaal dunner is dan de ingevoerde Hoogte. Vink uit om de exacte waarde af te dwingen.;Wenn aktiviert, wird die Connector-Höhe automatisch reduziert, wenn das verfügbare Material dünner ist als die eingegebene Höhe. Deaktivieren, um den exakten Wert zu erzwingen.;Si coché, la hauteur du connecteur est réduite automatiquement si le matériau disponible est plus fin que la hauteur saisie. Décochez pour imposer la valeur exacte.;Se attivato, l'altezza del connettore viene ridotta automaticamente quando il materiale disponibile è più sottile dell'altezza inserita. Disattivare per imporre il valore esatto.;Si está marcado, la altura del conector se reduce automáticamente cuando el material disponible es más fino que la Altura introducida. Desmarcar para forzar el valor exacto.
Help_Connector_Height;Connector height in millimetres, measured along the host tube axis. Combined with Dynamic when material is limited.;Hoogte van de connector in millimeter, gemeten langs de as van de buis. Wordt gecombineerd met Dynamisch als er weinig materiaal is.;Connector-Höhe in Millimetern, gemessen entlang der Achse des Zielrohrs. Wird mit Dynamic kombiniert, wenn das Material begrenzt ist.;Hauteur du connecteur en millimètres, mesurée le long de l'axe du tube hôte. Combinée avec Dynamic lorsque le matériau est limité.;Altezza del connettore in millimetri, misurata lungo l'asse del tubo ospite. Combinata con Dynamic quando il materiale è limitato.;Altura del conector en milímetros, medida a lo largo del eje del tubo anfitrión. Se combina con Dynamic cuando hay poco material.
Help_Connector_Width1;First in-plane dimension of the connector cross-section in millimetres. Meaning depends on the chosen Shape (e.g. width or first diameter).;Eerste afmeting in het vlak van de connector in millimeter. Betekenis hangt af van de gekozen Vorm (bijv. breedte of eerste diameter).;Erste Maß in der Ebene des Connector-Querschnitts in Millimetern. Bedeutung hängt von der gewählten Shape ab (z. B. Breite oder erster Durchmesser).;Première cote dans le plan de la section du connecteur en millimètres. La signification dépend du Shape choisi (par exemple largeur ou premier diamètre).;Prima dimensione nel piano della sezione del connettore in millimetri. Il significato dipende dalla forma scelta (per esempio larghezza o primo diametro).;Primera dimensión en el plano de la sección transversal del conector en milímetros. El significado depende del Shape elegido (p. ej. anchura o primer diámetro).
Help_Connector_Width2;Second in-plane dimension of the connector cross-section in millimetres. Used by non-square shapes (e.g. rectangular, oval).;Tweede afmeting in het vlak van de connector in millimeter. Wordt gebruikt door niet-vierkante vormen (bijv. rechthoek, ovaal).;Zweite Maß in der Ebene des Connector-Querschnitts in Millimetern. Wird von nicht quadratischen Formen verwendet (z. B. Rechteck, Oval).;Seconde cote dans le plan de la section du connecteur en millimètres. Utilisée par les formes non carrées (par exemple rectangulaires, ovales).;Seconda dimensione nel piano della sezione del connettore in millimetri. Usata da forme non quadrate (per esempio rettangolare, ovale).;Segunda dimensión en el plano de la sección transversal del conector en milímetros. Usada por formas no cuadradas (p. ej. rectangular, oval).
Help_Connector_CornerStyle;Pick how the connector corners are finished: Radius rounds them, Chamfer breaks them with a straight bevel. The value goes in the Radius / Chamfer field.;Kies hoe de hoeken van de connector worden afgewerkt: Radius rondt ze af, Chamfer breekt ze met een rechte afschuining. De waarde komt in het veld Radius / Chamfer.;Wählen Sie die Eckenausführung des Connectors: Radius rundet sie ab, Chamfer bricht sie mit einer geraden Fase. Der Wert wird im Feld Radius / Chamfer eingetragen.;Choisissez la finition des coins du connecteur : Radius les arrondit, Chamfer les casse avec un biseau droit. La valeur va dans le champ Radius / Chamfer.;Scegliere come rifinire gli angoli del connettore. Radius li arrotonda, Chamfer li smussa con uno smusso retto. Il valore va nel campo Radius / Chamfer.;Elegir cómo se rematan las esquinas del conector: Radius las redondea, Chamfer las achaflana con un bisel recto. El valor se introduce en el campo Radius / Chamfer.
Help_Connector_RadiusChamferValue;Size in millimetres of the radius or chamfer chosen above. Set to 0 for sharp corners.;Grootte in millimeter van de gekozen radius of afschuining. Zet op 0 voor scherpe hoeken.;Größe in Millimetern des oben gewählten Radius oder der Fase. Auf 0 setzen für scharfe Ecken.;Taille en millimètres du rayon ou du chanfrein choisi ci-dessus. Réglez à 0 pour des coins vifs.;Dimensione in millimetri del raggio o dello smusso scelto sopra. Impostare 0 per angoli vivi.;Tamaño en milímetros del radio o chaflán elegido arriba. Poner 0 para esquinas vivas.
Help_Connector_Tolerance;Gap in millimetres between the connector body and the host body. Use a small positive value to ensure clean Boolean cuts.;Spleet in millimeter tussen de connector en het doelbody. Gebruik een kleine positieve waarde voor schone Boolean-bewerkingen.;Spalt in Millimetern zwischen dem Connector-Körper und dem Zielkörper. Verwenden Sie einen kleinen positiven Wert für saubere boolesche Schnitte.;Jeu en millimètres entre le corps du connecteur et le corps hôte. Utilisez une petite valeur positive pour assurer des coupes booléennes propres.;Gioco in millimetri tra il corpo del connettore e il corpo ospite. Usare un piccolo valore positivo per garantire tagli Boolean puliti.;Holgura en milímetros entre el cuerpo del conector y el cuerpo anfitrión. Usar un valor positivo pequeño para asegurar cortes booleanos limpios.
Help_Connector_EndRelief;Extra clearance in millimetres at the connector end. The cut height stays as defined. The relief only adds material relief beyond it.;Extra ruimte in millimeter aan het uiteinde van de connector. De snijhoogte blijft zoals ingesteld. De relief voegt alleen extra speling toe daarbuiten.;Zusätzliches Spiel in Millimetern am Connector-Ende. Die Schnitthöhe bleibt wie definiert. Das Relief fügt nur darüber hinaus Materialfreiraum hinzu.;Dégagement supplémentaire en millimètres à l'extrémité du connecteur. La hauteur de coupe reste celle définie. Le relief n'ajoute que de la décharge matière au-delà.;Gioco aggiuntivo in millimetri all'estremità del connettore. L'altezza di taglio resta come definita. Il rilievo aggiunge solo materiale di gioco oltre essa.;Holgura adicional en milímetros en el extremo del conector. La altura del corte se mantiene. El alivio solo añade desahogo de material más allá.
Help_Connector_Location;Offset in millimetres from the default placement point along the selected edge. Positive and negative values are allowed.;Verschuiving in millimeter ten opzichte van het standaard plaatsingspunt langs de geselecteerde rand. Positief en negatief is toegestaan.;Versatz in Millimetern vom Standardplatzierungspunkt entlang der gewählten Kante. Positive und negative Werte sind zulässig.;Décalage en millimètres depuis le point de placement par défaut le long de l'arête sélectionnée. Les valeurs positives et négatives sont autorisées.;Offset in millimetri rispetto al punto di posizionamento predefinito lungo lo spigolo selezionato. Sono ammessi valori positivi e negativi.;Desplazamiento en milímetros desde el punto de colocación predeterminado a lo largo del borde seleccionado. Se admiten valores positivos y negativos.
Help_Connector_CornerCutout;Adds a circular cutout at the bottom of the connector and host body. Use the value field for the cutout diameter in millimetres.;Voegt een ronde uitsparing toe aan de onderzijde van de connector en het doelbody. Gebruik het waardeveld voor de diameter van de uitsparing in millimeter.;Fügt eine kreisförmige Aussparung am unteren Ende des Connectors und des Zielkörpers hinzu. Verwenden Sie das Wertfeld für den Durchmesser in Millimetern.;Ajoute une découpe circulaire au bas du connecteur et du corps hôte. Utilisez le champ de valeur pour le diamètre de la découpe en millimètres.;Aggiunge un intaglio circolare alla base del connettore e del corpo ospite. Usare il campo valore per il diametro dell'intaglio in millimetri.;Añade un rebaje circular en la parte inferior del conector y del cuerpo anfitrión. Usar el campo de valor para el diámetro del rebaje en milímetros.
Help_Connector_ClickLocation;Unchecked: the connector snaps to the centre of the selected edge. Checked: the connector is placed exactly where you clicked on the edge.;Uitgevinkt: de connector wordt op het midden van de geselecteerde rand geplaatst. Aangevinkt: de connector wordt geplaatst op het punt dat u op de rand heeft aangeklikt.;Deaktiviert: Der Connector rastet in der Mitte der gewählten Kante ein. Aktiviert: Der Connector wird genau dort platziert, wo Sie auf die Kante geklickt haben.;Décoché : le connecteur s'aligne au centre de l'arête sélectionnée. Coché : le connecteur est placé exactement à l'endroit cliqué sur l'arête.;Disattivato: il connettore si aggancia al centro dello spigolo selezionato. Attivato: il connettore viene posizionato esattamente nel punto in cui si è fatto clic sullo spigolo.;Sin marcar: el conector se ajusta al centro del borde seleccionado. Marcado: el conector se coloca exactamente donde se hizo clic en el borde.
Help_Connector_RectangularCut;Unchecked: the cut in the host body matches the connector outline (including radius/chamfer). Checked: the cut is a plain rectangle, which is faster to machine.;Uitgevinkt: de uitsnede in het doelbody volgt de contour van de connector (inclusief radius/afschuining). Aangevinkt: de uitsnede is een rechte rechthoek, sneller te bewerken.;Deaktiviert: Der Schnitt im Zielkörper folgt der Connector-Kontur (inklusive Radius/Fase). Aktiviert: Der Schnitt ist ein einfaches Rechteck, das schneller zu fertigen ist.;Décoché : la coupe dans le corps hôte suit le contour du connecteur (y compris rayon/chanfrein). Coché : la coupe est un simple rectangle, plus rapide à usiner.;Disattivato: il taglio nel corpo ospite segue il contorno del connettore (incluso raggio/smusso). Attivato: il taglio è un semplice rettangolo, più rapido da lavorare.;Sin marcar: el corte en el cuerpo anfitrión sigue el contorno del conector (incluyendo radio/chaflán). Marcado: el corte es un rectángulo simple, más rápido de mecanizar.
Help_Connector_Pattern;Enable to create multiple identical connectors along the selected edge. Use the value field to set the number of instances (minimum 2).;Aanvinken om meerdere identieke connectoren langs de geselecteerde rand te plaatsen. Gebruik het waardeveld voor het aantal exemplaren (minimaal 2).;Aktivieren, um mehrere identische Connectoren entlang der gewählten Kante zu erzeugen. Verwenden Sie das Wertfeld für die Anzahl der Exemplare (mindestens 2).;Activez pour créer plusieurs connecteurs identiques le long de l'arête sélectionnée. Utilisez le champ de valeur pour définir le nombre d'instances (minimum 2).;Attivare per creare più connettori identici lungo lo spigolo selezionato. Usare il campo valore per impostare il numero di istanze (minimo 2).;Activar para crear varios conectores idénticos a lo largo del borde seleccionado. Usar el campo de valor para indicar el número de instancias (mínimo 2).
Help_Connector_ShowTolerance;Visualises the Tolerance gap in the preview so you can verify the clearance before creating the connector.;Toont de Tolerantie-spleet in de preview, zodat u de speling kunt controleren voordat u de connector aanmaakt.;Visualisiert den Toleranzspalt in der Vorschau, sodass Sie das Spiel prüfen können, bevor der Connector erstellt wird.;Visualise le jeu de tolérance dans l'aperçu afin de vérifier le dégagement avant de créer le connecteur.;Visualizza il gioco di Tolerance nell'anteprima così da verificare la luce prima di creare il connettore.;Visualiza la holgura de Tolerance en la vista previa para verificar el juego antes de crear el conector.
Help_Connector_3DPreview;Shows a semi-transparent 3D preview of the connector in the viewport, updated as you change parameters. Disable for faster interaction on large models.;Toont een semi-transparante 3D-preview van de connector in de viewport, die meebeweegt met de parameters. Schakel uit voor snellere interactie bij grote modellen.;Zeigt eine halbtransparente 3D-Vorschau des Connectors im Viewport, die mit Parameteränderungen aktualisiert wird. Bei großen Modellen für schnelleres Arbeiten deaktivieren.;Affiche un aperçu 3D semi-transparent du connecteur dans la fenêtre, mis à jour lorsque vous modifiez les paramètres. Désactivez pour une interaction plus rapide sur les grands modèles.;Mostra un'anteprima 3D semitrasparente del connettore nella viewport, aggiornata mentre si modificano i parametri. Disattivare per un'interazione più rapida su modelli grandi.;Muestra una vista previa 3D semitransparente del conector en la ventana gráfica, actualizada al cambiar parámetros. Desactivar para una interacción más rápida en modelos grandes.
Help_Connector_Create;Creates the connector(s) on the currently selected edge or edges using the parameters above. Select edges first, then click Create.;Maakt de connector(s) op de momenteel geselecteerde rand(en) met de bovenstaande parameters. Selecteer eerst de randen en klik daarna op Maken.;Erzeugt den/die Connector(en) an der/den aktuell gewählten Kante(n) mit den obigen Parametern. Wählen Sie zuerst die Kanten und klicken Sie dann auf Erstellen.;Crée le ou les connecteurs sur l'arête ou les arêtes sélectionnées en utilisant les paramètres ci-dessus. Sélectionnez d'abord les arêtes, puis cliquez sur Create.;Crea il connettore o i connettori sullo spigolo o sugli spigoli attualmente selezionati usando i parametri sopra. Selezionare prima gli spigoli, poi fare clic su Create.;Crea el conector o conectores en el borde o bordes actualmente seleccionados con los parámetros anteriores. Seleccionar primero los bordes y luego hacer clic en Create.
Help_Connector2_Shape;Cross-section of the host tube. The other dimension fields update to match the chosen shape.;Doorsnede van de buis. De overige afmetingsvelden passen zich aan op de gekozen vorm.;Querschnitt des Zielrohrs. Die übrigen Maßfelder passen sich an die gewählte Form an.;Section transversale du tube hôte. Les autres champs de cotes s'adaptent à la forme choisie.;Sezione trasversale del tubo ospite. Gli altri campi dimensionali si aggiornano in base alla forma scelta.;Sección transversal del tubo anfitrión. Los demás campos de dimensiones se actualizan para coincidir con la forma elegida.
Help_Connector2_DynamicHeight;When checked, the connector height shrinks automatically if the available space is smaller than the entered Height value.;Indien aangevinkt verkleint de connectorhoogte automatisch als de beschikbare ruimte kleiner is dan de ingevoerde Hoogte.;Wenn aktiviert, wird die Connector-Höhe automatisch verkleinert, wenn der verfügbare Platz kleiner ist als der eingegebene Höhenwert.;Si coché, la hauteur du connecteur se réduit automatiquement si l'espace disponible est inférieur à la valeur de hauteur saisie.;Se attivato, l'altezza del connettore si riduce automaticamente quando lo spazio disponibile è minore del valore di Height inserito.;Si está marcado, la altura del conector se reduce automáticamente cuando el espacio disponible es menor que el valor de Altura introducido.
Help_Connector2_Height;Height of the connector in mm, measured along the tube axis. Ignored when Dynamic is on and space is tight.;Hoogte van de connector in mm, gemeten langs de buisas. Wordt genegeerd als Dynamisch aanstaat en er weinig ruimte is.;Höhe des Connectors in mm, gemessen entlang der Rohrachse. Wird ignoriert, wenn Dynamic an ist und der Platz knapp ist.;Hauteur du connecteur en mm, mesurée le long de l'axe du tube. Ignorée lorsque Dynamic est actif et l'espace restreint.;Altezza del connettore in mm, misurata lungo l'asse del tubo. Ignorata quando Dynamic è attivo e lo spazio è limitato.;Altura del conector en mm, medida a lo largo del eje del tubo. Se ignora cuando Dynamic está activo y el espacio es ajustado.
Help_Connector2_Width1;First cross-section dimension in mm. For asymmetric profiles this is the primary side. For symmetric shapes only this value is used.;Eerste doorsnedeafmeting in mm. Bij asymmetrische profielen is dit de hoofdzijde. Bij symmetrische vormen wordt alleen deze waarde gebruikt.;Erste Querschnittsabmessung in mm. Bei asymmetrischen Profilen ist dies die Hauptseite. Bei symmetrischen Formen wird nur dieser Wert verwendet.;Première cote de section en mm. Pour les profils asymétriques, c'est le côté principal. Pour les formes symétriques, seule cette valeur est utilisée.;Prima dimensione della sezione in mm. Per profili asimmetrici è il lato primario. Per forme simmetriche viene usato solo questo valore.;Primera dimensión de la sección transversal en mm. Para perfiles asimétricos es el lado principal. Para formas simétricas solo se usa este valor.
Help_Connector2_Width2;Second cross-section dimension in mm. Only relevant for asymmetric profiles such as rectangular tubes.;Tweede doorsnedeafmeting in mm. Alleen van toepassing op asymmetrische profielen zoals rechthoekige buizen.;Zweite Querschnittsabmessung in mm. Nur relevant für asymmetrische Profile wie Rechteckrohre.;Seconde cote de section en mm. Pertinente uniquement pour les profils asymétriques tels que les tubes rectangulaires.;Seconda dimensione della sezione in mm. Rilevante solo per profili asimmetrici come tubi rettangolari.;Segunda dimensión de la sección transversal en mm. Solo relevante para perfiles asimétricos como tubos rectangulares.
Help_Connector2_RadiusChamferMode;Choose how the connector edges are finished: a rounded fillet (Radius) or a straight chamfer. The value field below uses the selected mode.;Kies de afwerking van de connectorranden: een afronding (Radius) of een rechte afschuining (Chamfer). Het waardeveld hieronder volgt de gekozen modus.;Wählen Sie die Ausführung der Connector-Kanten: eine Abrundung (Radius) oder eine gerade Fase (Chamfer). Das Wertfeld unten richtet sich nach dem gewählten Modus.;Choisissez la finition des arêtes du connecteur : un congé arrondi (Radius) ou un chanfrein droit. Le champ de valeur ci-dessous suit le mode sélectionné.;Scegliere la rifinitura degli spigoli del connettore: un raccordo (Radius) o uno smusso retto (Chamfer). Il campo valore sotto usa la modalità selezionata.;Elegir el remate de los bordes del conector: redondeo (Radius) o chaflán recto. El campo de valor inferior usa el modo seleccionado.
Help_Connector2_RadiusChamferValue;Size in mm of the radius or chamfer, applied to the connector edges per the mode selected above.;Maat in mm van de afronding of afschuining op de connectorranden volgens de hierboven gekozen modus.;Größe in mm des Radius oder der Fase, angewendet auf die Connector-Kanten gemäß dem oben gewählten Modus.;Taille en mm du rayon ou du chanfrein, appliquée aux arêtes du connecteur selon le mode sélectionné ci-dessus.;Dimensione in mm del raggio o dello smusso applicata agli spigoli del connettore secondo la modalità selezionata sopra.;Tamaño en mm del radio o chaflán, aplicado a los bordes del conector según el modo elegido arriba.
Help_Connector2_Tolerance;Clearance in mm between the connector and the target body. Increase to ease assembly, decrease for a tighter fit.;Speling in mm tussen de connector en het doelvolume. Verhoog voor eenvoudiger montage, verlaag voor strakkere passing.;Spiel in mm zwischen dem Connector und dem Zielkörper. Erhöhen Sie es für leichtere Montage, verringern Sie es für engere Passung.;Jeu en mm entre le connecteur et le corps cible. Augmentez pour faciliter le montage, diminuez pour un ajustement plus serré.;Gioco in mm tra il connettore e il corpo target. Aumentare per facilitare l'assemblaggio, ridurre per un accoppiamento più stretto.;Holgura en mm entre el conector y el cuerpo objetivo. Aumentar para facilitar el montaje, reducir para un ajuste más estrecho.
Help_Connector2_EndRelief;Relief depth in mm at the connector end. The cut height stays the same. Only the end face is recessed.;Vrijloopdiepte in mm aan het uiteinde van de connector. De zaaghoogte blijft gelijk. Alleen het eindvlak wordt verdiept.;Freisticheltiefe in mm am Connector-Ende. Die Schnitthöhe bleibt gleich. Nur die Endfläche wird zurückgesetzt.;Profondeur de dégagement en mm à l'extrémité du connecteur. La hauteur de coupe reste identique. Seule la face d'extrémité est en retrait.;Profondità di rilievo in mm all'estremità del connettore. L'altezza di taglio resta invariata. Solo la faccia terminale viene incassata.;Profundidad de alivio en mm en el extremo del conector. La altura del corte se mantiene. Solo se rebaja la cara del extremo.
Help_Connector2_Location;Offset in mm of the connector along the edge from its default position. Positive or negative values are allowed.;Verschuiving in mm van de connector langs de rand vanaf de standaardpositie. Positieve en negatieve waarden zijn toegestaan.;Versatz in mm des Connectors entlang der Kante gegenüber der Standardposition. Positive oder negative Werte sind zulässig.;Décalage en mm du connecteur le long de l'arête depuis sa position par défaut. Les valeurs positives ou négatives sont autorisées.;Offset in mm del connettore lungo lo spigolo rispetto alla posizione predefinita. Sono ammessi valori positivi o negativi.;Desplazamiento en mm del conector a lo largo del borde desde su posición predeterminada. Se admiten valores positivos o negativos.
Help_Connector2_CornerCutout;Add a circular cutout at the bottom of the connector. Enter its diameter in mm in the field to the right.;Voegt een ronde uitsparing toe aan de onderzijde van de connector. Voer de diameter in mm in het veld rechts in.;Fügt eine kreisförmige Aussparung am unteren Ende des Connectors hinzu. Geben Sie den Durchmesser in mm im Feld rechts ein.;Ajoutez une découpe circulaire au bas du connecteur. Saisissez son diamètre en mm dans le champ à droite.;Aggiunge un intaglio circolare alla base del connettore. Inserire il diametro in mm nel campo a destra.;Añade un rebaje circular en la parte inferior del conector. Introducir el diámetro en mm en el campo de la derecha.
Help_Connector2_ClickLocation;When unchecked, the connector snaps to the centre of the selected edge. When checked, it is placed exactly where you clicked on the edge.;Indien uitgevinkt komt de connector in het midden van de geselecteerde rand. Indien aangevinkt wordt deze geplaatst op het door u aangeklikte punt.;Wenn deaktiviert, rastet der Connector in der Mitte der gewählten Kante ein. Wenn aktiviert, wird er genau dort platziert, wo Sie auf die Kante geklickt haben.;Si décoché, le connecteur s'aligne au centre de l'arête sélectionnée. Si coché, il est placé exactement à l'endroit cliqué sur l'arête.;Se disattivato, il connettore si aggancia al centro dello spigolo selezionato. Se attivato, viene posizionato esattamente nel punto in cui si è fatto clic sullo spigolo.;Si está sin marcar, el conector se ajusta al centro del borde seleccionado. Si está marcado, se coloca exactamente donde se hizo clic en el borde.
Help_Connector2_RectangularCut;When checked, the cut into the target body is rectangular. When unchecked, the cut follows the actual connector profile.;Indien aangevinkt is de uitsparing in het doelvolume rechthoekig. Indien uitgevinkt volgt de uitsparing het werkelijke connectorprofiel.;Wenn aktiviert, ist der Schnitt im Zielkörper rechteckig. Wenn deaktiviert, folgt der Schnitt dem tatsächlichen Connector-Profil.;Si coché, la coupe dans le corps cible est rectangulaire. Si décoché, la coupe suit le profil réel du connecteur.;Se attivato, il taglio nel corpo target è rettangolare. Se disattivato, il taglio segue il profilo reale del connettore.;Si está marcado, el corte en el cuerpo objetivo es rectangular. Si está sin marcar, el corte sigue el perfil real del conector.
Help_Connector2_Pattern;When checked, the connector is repeated along the edge. Enter the number of instances in the field to the right.;Indien aangevinkt wordt de connector langs de rand herhaald. Voer het aantal exemplaren in het veld rechts in.;Wenn aktiviert, wird der Connector entlang der Kante wiederholt. Geben Sie die Anzahl der Exemplare im Feld rechts ein.;Si coché, le connecteur est répété le long de l'arête. Saisissez le nombre d'instances dans le champ à droite.;Se attivato, il connettore viene ripetuto lungo lo spigolo. Inserire il numero di istanze nel campo a destra.;Si está marcado, el conector se repite a lo largo del borde. Introducir el número de instancias en el campo de la derecha.
Help_Connector2_ShowTolerance;Visualise the tolerance gap in the 3D preview so you can verify the clearance before creating the connector.;Toont de tolerantiespeling in de 3D-preview zodat u de speling kunt controleren voordat de connector wordt aangemaakt.;Visualisiert den Toleranzspalt in der 3D-Vorschau, sodass Sie das Spiel prüfen können, bevor der Connector erstellt wird.;Visualisez le jeu de tolérance dans l'aperçu 3D afin de vérifier le dégagement avant de créer le connecteur.;Visualizza il gioco di tolleranza nell'anteprima 3D così da verificare la luce prima di creare il connettore.;Visualizar la holgura de tolerancia en la vista previa 3D para verificar el juego antes de crear el conector.
Help_Connector2_3DPreview;Show a semi-transparent 3D preview of the connector in the viewport. Helps you verify placement and size before clicking Create.;Toont een halftransparante 3D-preview van de connector in de viewport. Handig om plaatsing en maat te controleren voor Create.;Zeigt eine halbtransparente 3D-Vorschau des Connectors im Viewport. Hilft Ihnen, Position und Größe vor dem Klick auf Create zu prüfen.;Affichez un aperçu 3D semi-transparent du connecteur dans la fenêtre. Aide à vérifier le placement et la taille avant de cliquer sur Create.;Mostra un'anteprima 3D semitrasparente del connettore nella viewport. Utile per verificare posizione e dimensione prima di fare clic su Create.;Mostrar una vista previa 3D semitransparente del conector en la ventana gráfica. Ayuda a verificar la posición y el tamaño antes de hacer clic en Create.
Help_Rib_Tolerance;Set the extra clearance in mm added around the intersecting member when cutting the rib. Use 0 for a tight fit, or increase for welding or paint clearance.;Stel de extra speling in mm in die rond het kruisende profiel wordt aangehouden bij het uitsnijden van de rib. Gebruik 0 voor een nauwe pasvorm, of verhoog voor las- of verfspeling.;Stellt das zusätzliche Spiel in mm rund um das kreuzende Element beim Ausschneiden der Rippe ein. 0 für engen Sitz oder erhöhen für Schweiß- oder Lackspiel.;Définit le dégagement supplémentaire en mm ajouté autour de l'élément traversant lors de la découpe de la nervure. Utilisez 0 pour un ajustement serré, ou augmentez pour un jeu de soudure ou de peinture.;Imposta il gioco aggiuntivo in mm aggiunto attorno al membro intersecante quando si taglia la nervatura. Usare 0 per un accoppiamento stretto, aumentare per gioco di saldatura o verniciatura.;Definir la holgura adicional en mm añadida alrededor del miembro intersecante al cortar el refuerzo. Usar 0 para ajuste justo, o aumentar para espacio de soldadura o pintura.
Help_Rib_ReverseDirection;Flip the cut direction when the cutout ends up on the wrong side of the rib. Toggle if the preview shows material removed from the opposite face.;Draai de snijrichting om wanneer de uitsnede aan de verkeerde kant van de rib uitkomt. Schakel in als de preview materiaal aan de verkeerde zijde verwijdert.;Schnittrichtung umkehren, wenn die Aussparung auf der falschen Seite der Rippe landet. Aktivieren, wenn die Vorschau Material an der gegenüberliegenden Fläche entfernt.;Inversez la direction de coupe lorsque la découpe se retrouve du mauvais côté de la nervure. Activez si l'aperçu montre la matière retirée de la face opposée.;Inverte la direzione di taglio quando l'intaglio risulta sul lato sbagliato della nervatura. Attivare se l'anteprima mostra il materiale rimosso dalla faccia opposta.;Invertir la dirección del corte cuando el rebaje queda en el lado incorrecto del refuerzo. Conmutar si la vista previa muestra material retirado en la cara opuesta.
Help_Rib_MiddleTolerance;Apply the tolerance symmetrically to both sides of the intersecting member instead of only one side. Use for symmetric weld gaps.;Pas de tolerantie symmetrisch toe aan beide zijden van het kruisende profiel in plaats van slechts een zijde. Gebruik dit voor symmetrische lasnaden.;Tolerance symmetrisch auf beide Seiten des kreuzenden Elements anwenden statt nur auf eine Seite. Für symmetrische Schweißspalte verwenden.;Appliquez la tolérance symétriquement des deux côtés de l'élément traversant au lieu d'un seul côté. Utile pour des cordons de soudure symétriques.;Applica la tolleranza simmetricamente su entrambi i lati del membro intersecante invece che su un solo lato. Da usare per giunti di saldatura simmetrici.;Aplicar la tolerancia simétricamente a ambos lados del miembro intersecante en lugar de a un solo lado. Usar para holguras de soldadura simétricas.
Help_Rib_PerpendicularCut;Force the cutout to be perpendicular to the rib face, ignoring the angle of the intersecting member. Useful for square-cut copes on angled connections.;Forceer de uitsnede haaks op het ribvlak, ongeacht de hoek van het kruisende profiel. Handig voor recht uitgesneden uitsparingen bij schuine aansluitingen.;Erzwingt eine Aussparung senkrecht zur Rippenfläche, unabhängig vom Winkel des kreuzenden Elements. Nützlich für gerade Ausklinkungen bei schrägen Verbindungen.;Forcez la découpe à être perpendiculaire à la face de la nervure, en ignorant l'angle de l'élément traversant. Utile pour des copings à coupe droite sur des connexions inclinées.;Forza l'intaglio perpendicolare alla faccia della nervatura, ignorando l'angolo del membro intersecante. Utile per tagli a squadra su collegamenti inclinati.;Forzar que el rebaje sea perpendicular a la cara del refuerzo, ignorando el ángulo del miembro intersecante. Útil para rebajes a escuadra en conexiones angulares.
Help_Rib_AddWeldRound;Add a fillet radius along the cutout edges to mimic a welded inner corner. Combine with the radius input to set the rounding size.;Voeg een afrondingsstraal toe langs de randen van de uitsnede om een gelaste binnenhoek na te bootsen. Combineer met het straalveld om de afronding in te stellen.;Fügt einen Verrundungsradius entlang der Aussparungskanten hinzu, um eine geschweißte Innenecke nachzubilden. Mit dem Radiusfeld kombinieren, um die Rundungsgröße einzustellen.;Ajoutez un rayon de congé le long des arêtes de la découpe pour imiter un angle interne soudé. Combinez avec le champ de rayon pour définir la taille de l'arrondi.;Aggiunge un raggio di raccordo lungo gli spigoli dell'intaglio per simulare un angolo interno saldato. Combinare con il campo raggio per impostarne la dimensione.;Añadir un radio de acuerdo a lo largo de los bordes del rebaje para simular una esquina interior soldada. Combinar con la entrada de radio para definir el tamaño del redondeo.
Help_Rib_Radius;Enter the weld-round radius in mm applied to the cutout corners. Only used when Add Weld Round is enabled. Default 0.;Voer de las-afrondingsstraal in mm in die op de hoeken van de uitsnede wordt toegepast. Alleen gebruikt wanneer Lasafronding toevoegen aan staat. Standaard 0.;Geben Sie den Schweiß-Verrundungsradius in mm ein, der auf die Ecken der Aussparung angewendet wird. Nur verwendet, wenn Add Weld Round aktiviert ist. Standard 0.;Saisissez le rayon d'arrondi de soudure en mm appliqué aux coins de la découpe. Utilisé uniquement lorsque Add Weld Round est activé. Par défaut 0.;Inserire il raggio di arrotondamento di saldatura in mm applicato agli angoli dell'intaglio. Usato solo quando Add Weld Round è attivo. Predefinito 0.;Introducir el radio del acuerdo de soldadura en mm aplicado a las esquinas del rebaje. Solo se usa cuando Add Weld Round está activado. Por defecto 0.
Help_Rib_Create;Run the rib cutout operation on the current selection using the values above.\nSelect the rib body first, then the intersecting member before clicking.;Voer de rib-uitsnijbewerking uit op de huidige selectie met de bovenstaande waarden.\nSelecteer eerst de ribbody en daarna het kruisende profiel voordat u klikt.;Führt die Rib-Cutout-Operation auf der aktuellen Auswahl mit den obigen Werten aus.\nWählen Sie zuerst den Rippenkörper, dann das kreuzende Element vor dem Klicken.;Exécutez l'opération de découpe de nervure sur la sélection actuelle avec les valeurs ci-dessus.\nSélectionnez d'abord le corps de la nervure, puis l'élément traversant avant de cliquer.;Esegue l'operazione di intaglio nervatura sulla selezione corrente usando i valori sopra.\nSelezionare prima il corpo nervatura, poi il membro intersecante prima di fare clic.;Ejecutar la operación de rebaje del refuerzo sobre la selección actual con los valores anteriores.\nSeleccionar primero el cuerpo del refuerzo y después el miembro intersecante antes de hacer clic.
Help_Engrave_SourceComponentName;Use the parent component's name as the engraved text. Useful for tagging parts during fabrication.;Gebruik de naam van de bovenliggende component als graveertekst. Handig om onderdelen te labelen bij productie.;Verwendet den Namen der übergeordneten Komponente als Gravurtext. Nützlich zur Kennzeichnung von Teilen während der Fertigung.;Utilisez le nom du composant parent comme texte gravé. Utile pour identifier les pièces pendant la fabrication.;Usa il nome del componente padre come testo inciso. Utile per etichettare le parti durante la fabbricazione.;Usar el nombre del componente padre como texto grabado. Útil para etiquetar piezas durante la fabricación.
Help_Engrave_SourceBodyName;Use the selected body's name as the engraved text. The body name is read from the SpaceClaim tree.;Gebruik de naam van het geselecteerde body als graveertekst. De bodynaam wordt uit de SpaceClaim-structuur gelezen.;Verwendet den Namen des gewählten Bodys als Gravurtext. Der Bodyname wird aus dem SpaceClaim-Strukturbaum gelesen.;Utilisez le nom du corps sélectionné comme texte gravé. Le nom du corps est lu depuis l'arborescence SpaceClaim.;Usa il nome del corpo selezionato come testo inciso. Il nome del corpo viene letto dall'albero di SpaceClaim.;Usar el nombre del cuerpo seleccionado como texto grabado. El nombre del cuerpo se lee del árbol de SpaceClaim.
Help_Engrave_SourceCustom;Type your own text into the field on the right. Supports a single line. Line breaks are not engraved.;Typ eigen tekst in het veld rechts. Een regel ondersteund. Regeleinden worden niet gegraveerd.;Geben Sie eigenen Text in das Feld rechts ein. Eine einzelne Zeile wird unterstützt. Zeilenumbrüche werden nicht graviert.;Saisissez votre propre texte dans le champ à droite. Une seule ligne est prise en charge. Les sauts de ligne ne sont pas gravés.;Digitare il proprio testo nel campo a destra. Supporta una sola riga. Le interruzioni di riga non vengono incise.;Escribir el propio texto en el campo de la derecha. Admite una sola línea. Los saltos de línea no se graban.
Help_Engrave_ModeEngraving;Cut the text into the face as a shallow recess. Combine with CutOut to also pierce thin material.;Snijdt de tekst als ondiepe uitsparing in het vlak. Combineer met CutOut om dun materiaal door te steken.;Schneidet den Text als flache Aussparung in die Fläche. In Kombination mit CutOut wird auch dünnes Material durchstoßen.;Découpe le texte dans la face comme un évidement peu profond. Combinez avec CutOut pour également percer la matière fine.;Incide il testo nella faccia come una bassa cavità. Combinare con CutOut per perforare anche materiale sottile.;Cortar el texto sobre la cara como un rebaje poco profundo. Combinar con CutOut para perforar también material fino.
Help_Engrave_ModeCutOut;Cut the text fully through the body. Use alone for through-cuts or with Engraving for layered results.;Snijdt de tekst volledig door het body. Gebruik alleen voor doorsteken of met Engraving voor gelaagd resultaat.;Schneidet den Text vollständig durch den Body. Einzeln verwenden für Durchbrüche oder mit Engraving für geschichtete Ergebnisse.;Découpe le texte intégralement à travers le corps. Utilisez seul pour des coupes traversantes ou avec Engraving pour un résultat en couches.;Taglia il testo completamente attraverso il corpo. Usare da solo per tagli passanti o con Engraving per risultati a strati.;Cortar el texto totalmente a través del cuerpo. Usar solo para cortes pasantes o con Engraving para resultados en capas.
Help_Engrave_Font;Select the TrueType font used to render the text. Installed system fonts appear in the list.;Kies het TrueType-lettertype voor de tekst. Geinstalleerde systeemlettertypen staan in de lijst.;Wählt die TrueType-Schrift zum Rendern des Textes. Installierte Systemschriften erscheinen in der Liste.;Sélectionnez la police TrueType utilisée pour rendre le texte. Les polices système installées apparaissent dans la liste.;Selezionare il font TrueType usato per renderizzare il testo. I font di sistema installati appaiono nell'elenco.;Seleccionar la fuente TrueType usada para representar el texto. Las fuentes instaladas en el sistema aparecen en la lista.
Help_Engrave_Size;Text height in millimetres (cap height). Typical range 3-10 mm depending on face size and depth.;Teksthoogte in millimeter (kapitaalhoogte). Gangbaar bereik 3-10 mm, afhankelijk van vlakgrootte en diepte.;Texthöhe in Millimetern (Versalhöhe). Üblicher Bereich 3-10 mm, abhängig von Flächengröße und Tiefe.;Hauteur du texte en millimètres (hauteur de capitale). Plage typique 3-10 mm selon la taille de la face et la profondeur.;Altezza del testo in millimetri (altezza maiuscole). Intervallo tipico 3-10 mm a seconda della dimensione della faccia e della profondità.;Altura del texto en milímetros (altura de mayúsculas). Rango típico 3-10 mm según el tamaño de la cara y la profundidad.
Help_Engrave_Center;Center the text on the selected face. When off, the text anchors to the face origin.;Centreer de tekst op het geselecteerde vlak. Indien uit, verankert de tekst aan de oorsprong van het vlak.;Zentriert den Text auf der gewählten Fläche. Ist die Option aus, wird der Text am Flächenursprung verankert.;Centrez le texte sur la face sélectionnée. Si désactivé, le texte s'ancre à l'origine de la face.;Centra il testo sulla faccia selezionata. Se disattivato, il testo viene ancorato all'origine della faccia.;Centrar el texto en la cara seleccionada. Si está desactivado, el texto se ancla al origen de la cara.
Help_Engrave_Create;Apply the engraving to the selected face using the current settings. Select a planar face first.;Plaats de gravering op het geselecteerde vlak met de huidige instellingen. Selecteer eerst een vlak.;Wendet die Gravur mit den aktuellen Einstellungen auf die gewählte Fläche an. Wählen Sie zuerst eine planare Fläche.;Appliquez la gravure à la face sélectionnée avec les réglages actuels. Sélectionnez d'abord une face plane.;Applica l'incisione alla faccia selezionata usando le impostazioni correnti. Selezionare prima una faccia planare.;Aplicar el grabado a la cara seleccionada con los ajustes actuales. Seleccionar primero una cara plana.
Help_Engrave_ImprintBody;Imprint sketch curves onto a body to create new edges, without removing material.;Drukt schetslijnen op een body af om nieuwe randen te maken, zonder materiaal weg te nemen.;Drückt Skizzenkurven auf einen Body ab, um neue Kanten zu erzeugen, ohne Material zu entfernen.;Imprimez les courbes d'esquisse sur un corps pour créer de nouvelles arêtes, sans enlever de matière.;Imprime curve di schizzo su un corpo per creare nuovi spigoli, senza rimuovere materiale.;Imprimir curvas de croquis sobre un cuerpo para crear nuevos bordes, sin retirar material.
Help_Engrave_ImprintLines;Imprint individual lines onto a face. Use when you need edges along a curve but no cut.;Drukt afzonderlijke lijnen op een vlak af. Gebruik dit voor randen langs een curve zonder snede.;Drückt einzelne Linien auf eine Fläche ab. Verwenden Sie diese Funktion, wenn Sie Kanten entlang einer Kurve benötigen, aber keinen Schnitt.;Imprimez des lignes individuelles sur une face. Utilisez lorsque vous avez besoin d'arêtes le long d'une courbe sans coupe.;Imprime singole linee su una faccia. Usare quando servono spigoli lungo una curva ma nessun taglio.;Imprimir líneas individuales sobre una cara. Usar cuando se necesitan bordes a lo largo de una curva pero sin corte.
Help_Engrave_ImprintToEngraving;Convert existing imprinted curves into an engraved pocket using the current depth and size.;Zet bestaande afgedrukte curven om in een gegraveerde uitsparing met de huidige diepte en grootte.;Wandelt bestehende abgedrückte Kurven in eine gravierte Tasche mit der aktuellen Tiefe und Größe um.;Convertissez les courbes imprimées existantes en une poche gravée en utilisant la profondeur et la taille actuelles.;Converte le curve già impresse in una cavità incisa usando la profondità e la dimensione correnti.;Convertir curvas impresas existentes en un rebaje grabado usando la profundidad y el tamaño actuales.
Help_Custom_SelectTemplate;Pick a property template to load a predefined key set. Templates seed names only - you still apply them with the buttons below.;Kies een eigenschapsjabloon om een vooraf gedefinieerde sleutelset te laden. Sjablonen vullen alleen de namen in - toepassen doe je met de knoppen hieronder.;Wählen Sie eine Eigenschaftsvorlage, um einen vordefinierten Schlüsselsatz zu laden. Vorlagen geben nur die Namen vor - das Anwenden erfolgt über die Schaltflächen unten.;Choisissez un modèle de propriété pour charger un jeu de clés prédéfini. Les modèles ne remplissent que les noms - vous les appliquez ensuite avec les boutons ci-dessous.;Scegliere un modello di proprietà per caricare un set di chiavi predefinito. I modelli compilano solo i nomi - l'applicazione avviene con i pulsanti sottostanti.;Elegir una plantilla de propiedades para cargar un conjunto de claves predefinido. Las plantillas solo aportan los nombres, hay que aplicarlas con los botones inferiores.
Help_Custom_TemplateComboBox;Lists templates defined in the runtime CSV under %ProgramData%\AESCConstruct\. Selecting one overwrites the staged key list.;Toont sjablonen uit het CSV-bestand onder %ProgramData%\AESCConstruct\. Een selectie overschrijft de huidige sleutellijst.;Listet Vorlagen aus der Laufzeit-CSV unter %ProgramData%\AESCConstruct\ auf. Eine Auswahl überschreibt die aktuelle Schlüsselliste.;Liste les modèles définis dans le CSV runtime sous %ProgramData%\AESCConstruct\. Sélectionner un modèle remplace la liste de clés en attente.;Elenca i modelli definiti nel CSV runtime in %ProgramData%\AESCConstruct\. Selezionarne uno sovrascrive l'elenco di chiavi corrente.;Lista las plantillas definidas en el CSV en tiempo de ejecución en %ProgramData%\AESCConstruct\. Seleccionar una sobrescribe la lista de claves preparada.
Help_Custom_DocumentPropertiesHeader;Document-level metadata is stored on the active part document and appears in BOMs and STEP exports.;Eigenschappen op documentniveau worden opgeslagen op het actieve onderdeel-document en verschijnen in stuklijsten en STEP-exports.;Metadaten auf Dokumentebene werden im aktiven Part-Dokument gespeichert und erscheinen in BOMs und STEP-Exporten.;Les métadonnées au niveau document sont stockées sur le document de pièce actif et apparaissent dans les BOM et les exports STEP.;I metadati a livello di documento sono memorizzati sul documento di parte attivo e appaiono nelle BOM e nelle esportazioni STEP.;Los metadatos a nivel de documento se almacenan en el documento de pieza activo y aparecen en BOMs y exports STEP.
Help_Custom_AddDocProps;Adds the template's keys to the active document with empty values. Existing keys with the same name are left untouched.;Voegt de sleutels uit het sjabloon met lege waarden toe aan het actieve document. Bestaande sleutels met dezelfde naam blijven ongewijzigd.;Fügt die Schlüssel der Vorlage mit leeren Werten zum aktiven Dokument hinzu. Vorhandene Schlüssel mit gleichem Namen bleiben unverändert.;Ajoute les clés du modèle au document actif avec des valeurs vides. Les clés existantes du même nom restent intactes.;Aggiunge le chiavi del modello al documento attivo con valori vuoti. Le chiavi esistenti con lo stesso nome restano invariate.;Añade las claves de la plantilla al documento activo con valores vacíos. Las claves existentes con el mismo nombre se mantienen sin cambios.
Help_Custom_DeleteDocProps;Removes the template's keys from the active document. Values are discarded and cannot be undone via this panel.;Verwijdert de sleutels uit het sjabloon van het actieve document. Waarden gaan verloren en kunnen via dit paneel niet worden hersteld.;Entfernt die Schlüssel der Vorlage aus dem aktiven Dokument. Werte werden verworfen und können über dieses Panel nicht rückgängig gemacht werden.;Supprime les clés du modèle du document actif. Les valeurs sont rejetées et ne peuvent pas être annulées via ce panneau.;Rimuove le chiavi del modello dal documento attivo. I valori vengono scartati e non possono essere ripristinati tramite questo pannello.;Elimina las claves de la plantilla del documento activo. Los valores se descartan y no se pueden deshacer desde este panel.
Help_Custom_ComponentPropertiesHeader;Component-level metadata is stored per component instance and travels with that node in the assembly tree.;Eigenschappen op componentniveau worden per componentinstantie opgeslagen en blijven aan dat knooppunt in de assemblageboom gekoppeld.;Metadaten auf Komponentenebene werden je Komponenteninstanz gespeichert und bleiben mit diesem Knoten im Baugruppenbaum verknüpft.;Les métadonnées au niveau composant sont stockées par instance de composant et accompagnent ce nœud dans l'arborescence d'assemblage.;I metadati a livello di componente sono memorizzati per ogni istanza di componente e seguono quel nodo nell'albero di assemblaggio.;Los metadatos a nivel de componente se almacenan por instancia de componente y acompañan a ese nodo en el árbol de ensamblaje.
Help_Custom_AddToSelection;Adds the template's keys only to components currently selected in the structure tree or graphics window.;Voegt de sleutels uit het sjabloon alleen toe aan componenten die op dit moment in de structuurboom of grafische weergave zijn geselecteerd.;Fügt die Schlüssel der Vorlage nur den Komponenten hinzu, die aktuell im Strukturbaum oder Grafikfenster ausgewählt sind.;Ajoute les clés du modèle uniquement aux composants actuellement sélectionnés dans l'arborescence de structure ou la fenêtre graphique.;Aggiunge le chiavi del modello solo ai componenti attualmente selezionati nell'albero della struttura o nella finestra grafica.;Añade las claves de la plantilla solo a los componentes seleccionados actualmente en el árbol de estructura o en la ventana gráfica.
Help_Custom_DeleteFromSelection;Removes the template's keys from the selected components only. Other components keep their values.;Verwijdert de sleutels uit het sjabloon alleen van de geselecteerde componenten. Overige componenten behouden hun waarden.;Entfernt die Schlüssel der Vorlage nur von den ausgewählten Komponenten. Andere Komponenten behalten ihre Werte.;Supprime les clés du modèle uniquement des composants sélectionnés. Les autres composants conservent leurs valeurs.;Rimuove le chiavi del modello solo dai componenti selezionati. Gli altri componenti mantengono i propri valori.;Elimina las claves de la plantilla solo de los componentes seleccionados. Los demás componentes conservan sus valores.
Help_Custom_AddToAll;Adds the template's keys to every component in the active document. Use with care on large assemblies.;Voegt de sleutels uit het sjabloon toe aan elke component in het actieve document. Wees voorzichtig bij grote assemblages.;Fügt die Schlüssel der Vorlage jeder Komponente im aktiven Dokument hinzu. Bei großen Baugruppen mit Vorsicht verwenden.;Ajoute les clés du modèle à chaque composant du document actif. À utiliser avec prudence sur les grands assemblages.;Aggiunge le chiavi del modello a ogni componente del documento attivo. Usare con cautela su assemblaggi di grandi dimensioni.;Añade las claves de la plantilla a todos los componentes del documento activo. Usar con precaución en ensamblajes grandes.
Help_Custom_DeleteFromAll;Removes the template's keys from every component in the active document. The action cannot be undone via this panel.;Verwijdert de sleutels uit het sjabloon van elke component in het actieve document. Deze actie kan via dit paneel niet worden hersteld.;Entfernt die Schlüssel der Vorlage von jeder Komponente im aktiven Dokument. Die Aktion kann über dieses Panel nicht rückgängig gemacht werden.;Supprime les clés du modèle de chaque composant du document actif. L'action ne peut pas être annulée via ce panneau.;Rimuove le chiavi del modello da ogni componente del documento attivo. L'azione non può essere annullata tramite questo pannello.;Elimina las claves de la plantilla de todos los componentes del documento activo. La acción no se puede deshacer desde este panel.
ClashDetection_Msg_NoDocument;No document open.;Geen document geopend.;Kein Dokument geöffnet.;Aucun document ouvert.;Nessun documento aperto.;Ningún documento abierto.
ClashDetection_Msg_Need2Bodies;Need at least 2 bodies for clash detection.;Minimaal 2 bodies nodig voor botsingsdetectie.;Mindestens 2 Körper für die Kollisionsprüfung erforderlich.;Au moins 2 corps sont nécessaires pour la détection de collision.;Sono necessari almeno 2 corpi per il rilevamento delle collisioni.;Se necesitan al menos 2 cuerpos para la detección de colisiones.
ClashDetection_Msg_NotEnoughValid;Not enough valid bodies for clash detection.;Onvoldoende geldige bodies voor botsingsdetectie.;Nicht genügend gültige Körper für die Kollisionsprüfung.;Pas assez de corps valides pour la détection de collision.;Corpi validi insufficienti per il rilevamento delle collisioni.;No hay suficientes cuerpos válidos para la detección de colisiones.
ClashDetection_Msg_Found;Found {0} clash(es) involving {1} bodies. Clashing bodies selected.;{0} botsing(en) gevonden met {1} bodies. Botsende bodies geselecteerd.;{0} Kollision(en) mit {1} Körpern gefunden. Kollidierende Körper ausgewählt.;{0} collision(s) trouvée(s) impliquant {1} corps. Corps en collision sélectionnés.;Trovate {0} collisione/i che coinvolgono {1} corpi. Corpi in collisione selezionati.;Se encontraron {0} colisión(es) con {1} cuerpos. Cuerpos en colisión seleccionados.
ClashDetection_Msg_None;No clashes detected.;Geen botsingen gedetecteerd.;Keine Kollisionen erkannt.;Aucune collision détectée.;Nessuna collisione rilevata.;No se detectaron colisiones.
ClashDetection_Err_Failed;Clash detection failed: {0};Botsingsdetectie mislukt: {0};Kollisionsprüfung fehlgeschlagen: {0};Échec de la détection de collision : {0};Rilevamento delle collisioni non riuscito: {0};Error en la detección de colisiones: {0}
Common_Msg_NoActiveWindow;No active window found.;Geen actief venster gevonden.;Kein aktives Fenster gefunden.;Aucune fenêtre active trouvée.;Nessuna finestra attiva trovata.;No se encontró ninguna ventana activa.
Common_Msg_NoActiveDocument;No active document.;Geen actief document.;Kein aktives Dokument.;Aucun document actif.;Nessun documento attivo.;Ningún documento activo.
Common_Btn_OK;OK;OK;OK;OK;OK;OK
Common_Btn_Cancel;Cancel;Annuleren;Abbrechen;Annuler;Annulla;Cancelar
Common_Title_Warning;Warning;Waarschuwing;Warnung;Avertissement;Avviso;Advertencia
Common_Title_Information;Information;Informatie;Information;Information;Informazioni;Información
DXF_Msg_NoActiveWindow;No active window.;Geen actief venster.;Kein aktives Fenster.;Aucune fenêtre active.;Nessuna finestra attiva.;Ninguna ventana activa.
DXF_Msg_SingleDatumPlane;DXF should have a single datum plane;DXF moet één referentievlak hebben;DXF sollte eine einzige Bezugsebene haben;Le DXF doit avoir un seul plan de référence;Il DXF deve avere un solo piano di riferimento;El DXF debe tener un único plano de referencia
DXF_Msg_NoDatumPlane;DXF has no datum plane.;DXF heeft geen referentievlak.;DXF hat keine Bezugsebene.;Le DXF n'a pas de plan de référence.;Il DXF non ha un piano di riferimento.;El DXF no tiene plano de referencia.
DXF_Msg_PlaneNotAligned;Plane is not aligned to XY frame;Vlak is niet uitgelijnd met het XY-frame;Ebene ist nicht am XY-Rahmen ausgerichtet;Le plan n'est pas aligné sur le repère XY;Il piano non è allineato al sistema XY;El plano no está alineado con el marco XY
DXF_Err_InvalidProfile;Invalid profile—check the DXF contours.;Ongeldig profiel—controleer de DXF-contouren.;Ungültiges Profil—überprüfen Sie die DXF-Konturen.;Profil non valide—vérifiez les contours DXF.;Profilo non valido—controllare i contorni DXF.;Perfil no válido—compruebe los contornos DXF.
DXF_FileDialog_ImportTitle;Select DXF file to import;Selecteer DXF-bestand om te importeren;DXF-Datei zum Importieren auswählen;Sélectionnez le fichier DXF à importer;Selezionare il file DXF da importare;Seleccione el archivo DXF para importar
DXF_FileFilter_Dxf;DXF Files (*.dxf)|*.dxf;DXF-bestanden (*.dxf)|*.dxf;DXF-Dateien (*.dxf)|*.dxf;Fichiers DXF (*.dxf)|*.dxf;File DXF (*.dxf)|*.dxf;Archivos DXF (*.dxf)|*.dxf
DXF_FileDialog_SaveTitle;Save DXFProfile List as CSV;DXFProfile-lijst opslaan als CSV;DXFProfile-Liste als CSV speichern;Enregistrer la liste DXFProfile au format CSV;Salva l'elenco DXFProfile come CSV;Guardar la lista DXFProfile como CSV
DXF_FileDialog_LoadTitle;Load DXFProfile CSV;DXFProfile-CSV laden;DXFProfile-CSV laden;Charger le CSV DXFProfile;Carica CSV DXFProfile;Cargar CSV DXFProfile
DXF_FileFilter_Csv;CSV Files (*.csv)|*.csv;CSV-bestanden (*.csv)|*.csv;CSV-Dateien (*.csv)|*.csv;Fichiers CSV (*.csv)|*.csv;File CSV (*.csv)|*.csv;Archivos CSV (*.csv)|*.csv
DXF_Msg_Imported;Imported {0} contour curves from:\n{1};{0} contourcurven geïmporteerd uit:\n{1};{0} Konturkurven importiert aus:\n{1};{0} courbes de contour importées depuis :\n{1};Importate {0} curve di contorno da:\n{1};Se importaron {0} curvas de contorno desde:\n{1}
DXF_Err_ImportFailed;Failed to import valid contours from:\n{0};Kan geen geldige contouren importeren uit:\n{0};Gültige Konturen konnten nicht importiert werden aus:\n{0};Échec de l'importation de contours valides depuis :\n{0};Impossibile importare contorni validi da:\n{0};No se pudieron importar contornos válidos desde:\n{0}
DXF_Err_ProfileInvalid;DXF -> Profile failed or was invalid.;DXF -> Profiel mislukt of ongeldig.;DXF -> Profil fehlgeschlagen oder ungültig.;DXF -> Profil a échoué ou était non valide.;DXF -> Profilo non riuscito o non valido.;DXF -> Perfil falló o no era válido.
DXF_Msg_ProfileSucceeded;DXF -> Profile succeeded.\n\nName = {0}\n(Profile string copied to clipboard.);DXF -> Profiel geslaagd.\n\nNaam = {0}\n(Profielstring gekopieerd naar klembord.);DXF -> Profil erfolgreich.\n\nName = {0}\n(Profilzeichenfolge in die Zwischenablage kopiert.);DXF -> Profil réussi.\n\nNom = {0}\n(Chaîne de profil copiée dans le presse-papiers.);DXF -> Profilo riuscito.\n\nNome = {0}\n(Stringa del profilo copiata negli appunti.);DXF -> Perfil correcto.\n\nNombre = {0}\n(Cadena de perfil copiada al portapapeles.)
DXF_Msg_NoProfilesToSave;No DXF profiles available to save.;Geen DXF-profielen beschikbaar om op te slaan.;Keine DXF-Profile zum Speichern verfügbar.;Aucun profil DXF disponible à enregistrer.;Nessun profilo DXF disponibile da salvare.;No hay perfiles DXF disponibles para guardar.
DXF_Msg_Saved;Saved {0} profiles to:\n{1};{0} profielen opgeslagen in:\n{1};{0} Profile gespeichert unter:\n{1};{0} profils enregistrés dans :\n{1};Salvati {0} profili in:\n{1};Se guardaron {0} perfiles en:\n{1}
DXF_Err_SaveFailed;Failed to save CSV:\n{0};Kan CSV niet opslaan:\n{0};CSV konnte nicht gespeichert werden:\n{0};Échec de l'enregistrement du CSV :\n{0};Impossibile salvare il CSV:\n{0};No se pudo guardar el CSV:\n{0}
DXF_Msg_Loaded;Loaded {0} profiles from:\n{1};{0} profielen geladen uit:\n{1};{0} Profile geladen aus:\n{1};{0} profils chargés depuis :\n{1};Caricati {0} profili da:\n{1};Se cargaron {0} perfiles desde:\n{1}
DXF_Err_LoadFailed;Failed to load CSV:\n{0};Kan CSV niet laden:\n{0};CSV konnte nicht geladen werden:\n{0};Échec du chargement du CSV :\n{0};Impossibile caricare il CSV:\n{0};No se pudo cargar el CSV:\n{0}
Frame_Compare_Msg_NoBodies;No bodies found in the main part.;Geen bodies gevonden in het hoofdonderdeel.;Keine Körper im Hauptteil gefunden.;Aucun corps trouvé dans la pièce principale.;Nessun corpo trovato nella parte principale.;No se encontraron cuerpos en la pieza principal.
Frame_Joint_Msg_TrimRequiresSelection;Trim requires: select at least one profile (body/component/edge) and one face for the cutter.;Trim vereist: selecteer minimaal één profiel (body/component/rand) en één vlak voor de snijder.;Trimmen erfordert: Wählen Sie mindestens ein Profil (Körper/Komponente/Kante) und eine Fläche für den Schneider.;Le rognage nécessite : sélectionnez au moins un profil (corps/composant/arête) et une face pour l'outil de coupe.;Il taglio richiede: selezionare almeno un profilo (corpo/componente/spigolo) e una faccia per la fresa.;El recorte requiere: seleccione al menos un perfil (cuerpo/componente/arista) y una cara para el cortador.
Frame_Joint_Msg_TrimRequiresSelection2;Trim requires: at least one profile (body/component/edge of target body) and one face for the cutter.\nPlease adjust your selection and try again.;Trim vereist: minimaal één profiel (body/component/rand van doelbody) en één vlak voor de snijder.\nPas uw selectie aan en probeer het opnieuw.;Trimmen erfordert: mindestens ein Profil (Körper/Komponente/Kante des Zielkörpers) und eine Fläche für den Schneider.\nBitte passen Sie Ihre Auswahl an und versuchen Sie es erneut.;Le rognage nécessite : au moins un profil (corps/composant/arête du corps cible) et une face pour l'outil de coupe.\nVeuillez ajuster votre sélection et réessayer.;Il taglio richiede: almeno un profilo (corpo/componente/spigolo del corpo di destinazione) e una faccia per la fresa.\nRegolare la selezione e riprovare.;El recorte requiere: al menos un perfil (cuerpo/componente/arista del cuerpo de destino) y una cara para el cortador.\nAjuste su selección e inténtelo de nuevo.
Frame_Joint_Msg_SelectTwoComponents;Select at least two components to apply a joint.;Selecteer minimaal twee componenten om een verbinding toe te passen.;Wählen Sie mindestens zwei Komponenten aus, um eine Verbindung anzuwenden.;Sélectionnez au moins deux composants pour appliquer un assemblage.;Selezionare almeno due componenti per applicare un giunto.;Seleccione al menos dos componentes para aplicar una unión.
Frame_Joint_Msg_NoJointPair;No joint pair found, check line connections.;Geen verbindingspaar gevonden, controleer de lijnverbindingen.;Kein Verbindungspaar gefunden, überprüfen Sie die Linienverbindungen.;Aucune paire d'assemblage trouvée, vérifiez les connexions de lignes.;Nessuna coppia di giunti trovata, controllare le connessioni delle linee.;No se encontró ningún par de unión, compruebe las conexiones de líneas.
Frame_Joint_Msg_SelectOneRestoreGeometry;Select at least one component to restore geometry.;Selecteer minimaal één component om de geometrie te herstellen.;Wählen Sie mindestens eine Komponente aus, um die Geometrie wiederherzustellen.;Sélectionnez au moins un composant pour restaurer la géométrie.;Selezionare almeno un componente per ripristinare la geometria.;Seleccione al menos un componente para restaurar la geometría.
Frame_Joint_Msg_SelectTwoRestoreJoints;Select at least two components to restore joints.;Selecteer minimaal twee componenten om verbindingen te herstellen.;Wählen Sie mindestens zwei Komponenten aus, um Verbindungen wiederherzustellen.;Sélectionnez au moins deux composants pour restaurer les assemblages.;Selezionare almeno due componenti per ripristinare i giunti.;Seleccione al menos dos componentes para restaurar las uniones.
Frame_Joint_Msg_SelectTwoProfiles;Select at least two profiles. The last selected will be cut by the others.;Selecteer minimaal twee profielen. Het laatst geselecteerde wordt door de andere gesneden.;Wählen Sie mindestens zwei Profile aus. Das zuletzt ausgewählte wird von den anderen geschnitten.;Sélectionnez au moins deux profils. Le dernier sélectionné sera coupé par les autres.;Selezionare almeno due profili. L'ultimo selezionato verrà tagliato dagli altri.;Seleccione al menos dos perfiles. El último seleccionado será cortado por los demás.
Plates_Msg_NoSelection;No selection found. Please select a face.;Geen selectie gevonden. Selecteer een vlak.;Keine Auswahl gefunden. Bitte wählen Sie eine Fläche aus.;Aucune sélection trouvée. Veuillez sélectionner une face.;Nessuna selezione trovata. Selezionare una faccia.;No se encontró ninguna selección. Seleccione una cara.
Plates_Msg_NoPlanarFaces;No planar faces found in selection.;Geen vlakke vlakken gevonden in de selectie.;Keine planaren Flächen in der Auswahl gefunden.;Aucune face plane trouvée dans la sélection.;Nessuna faccia planare trovata nella selezione.;No se encontraron caras planas en la selección.
Plates_Err_SupportThicknessPositive;Support plate thickness must be positive.;Dikte van de steunplaat moet positief zijn.;Die Dicke der Stützplatte muss positiv sein.;L'épaisseur de la plaque de support doit être positive.;Lo spessore della piastra di supporto deve essere positivo.;El espesor de la placa de soporte debe ser positivo.
Plates_Err_FlangeThicknessPositive;Flange thickness must be positive.;Flensdikte moet positief zijn.;Die Flanschdicke muss positiv sein.;L'épaisseur de la bride doit être positive.;Lo spessore della flangia deve essere positivo.;El espesor de la brida debe ser positivo.
Plates_Err_UnpThicknessPositive;UNP thickness must be positive.;UNP-dikte moet positief zijn.;Die UNP-Dicke muss positiv sein.;L'épaisseur UNP doit être positive.;Lo spessore UNP deve essere positivo.;El espesor UNP debe ser positivo.
Plates_Err_UnpContourFailed;UNP contour could not be built.;UNP-contour kon niet worden gemaakt.;UNP-Kontur konnte nicht erstellt werden.;Le contour UNP n'a pas pu être créé.;Impossibile creare il contorno UNP.;No se pudo crear el contorno UNP.
CustomComponent_Msg_TemplateFolderNotFound;Template folder not found: {0};Sjabloonmap niet gevonden: {0};Vorlagenordner nicht gefunden: {0};Dossier de modèles introuvable : {0};Cartella dei modelli non trovata: {0};Carpeta de plantillas no encontrada: {0}
CustomComponent_Msg_TemplatesLoaded;Loaded {0} template(s) from {1};{0} sjabloon(en) geladen uit {1};{0} Vorlage(n) aus {1} geladen;{0} modèle(s) chargé(s) depuis {1};Caricati {0} modello/i da {1};Se cargaron {0} plantilla(s) desde {1}
CustomComponent_Msg_NoTemplates;No .csv templates found in {0};Geen .csv-sjablonen gevonden in {0};Keine .csv-Vorlagen gefunden in {0};Aucun modèle .csv trouvé dans {0};Nessun modello .csv trovato in {0};No se encontraron plantillas .csv en {0}
CustomComponent_Msg_TemplateFileNotFound;Template file not found.;Sjabloonbestand niet gevonden.;Vorlagendatei nicht gefunden.;Fichier de modèle introuvable.;File del modello non trovato.;Archivo de plantilla no encontrado.
CustomComponent_Err_ReadCsv;Failed to read template CSV.;Kan sjabloon-CSV niet lezen.;Vorlagen-CSV konnte nicht gelesen werden.;Échec de la lecture du CSV de modèle.;Impossibile leggere il CSV del modello.;No se pudo leer el CSV de la plantilla.
CustomComponent_Msg_TemplateNoProps;Template contains no properties.;Sjabloon bevat geen eigenschappen.;Vorlage enthält keine Eigenschaften.;Le modèle ne contient aucune propriété.;Il modello non contiene proprietà.;La plantilla no contiene propiedades.
CustomComponent_Err_ReadExistingProps;Failed to read existing document properties.;Kan bestaande documenteigenschappen niet lezen.;Vorhandene Dokumenteigenschaften konnten nicht gelesen werden.;Échec de la lecture des propriétés existantes du document.;Impossibile leggere le proprietà esistenti del documento.;No se pudieron leer las propiedades existentes del documento.
CustomComponent_Err_UpdateProps;Failed while updating document properties.;Mislukt bij het bijwerken van documenteigenschappen.;Fehler beim Aktualisieren der Dokumenteigenschaften.;Échec lors de la mise à jour des propriétés du document.;Errore durante l'aggiornamento delle proprietà del documento.;Error al actualizar las propiedades del documento.
CustomComponent_Msg_DocPropsUpdated;Document properties updated from {0};Documenteigenschappen bijgewerkt vanuit {0};Dokumenteigenschaften aktualisiert aus {0};Propriétés du document mises à jour depuis {0};Proprietà del documento aggiornate da {0};Propiedades del documento actualizadas desde {0}
CustomComponent_Err_DeleteProps;Failed while deleting document properties.;Mislukt bij het verwijderen van documenteigenschappen.;Fehler beim Löschen der Dokumenteigenschaften.;Échec lors de la suppression des propriétés du document.;Errore durante l'eliminazione delle proprietà del documento.;Error al eliminar las propiedades del documento.
CustomComponent_Msg_DocPropsDeleted;Deleted properties from {0};Eigenschappen verwijderd uit {0};Eigenschaften aus {0} gelöscht;Propriétés supprimées de {0};Proprietà eliminate da {0};Propiedades eliminadas de {0}
CustomComponent_Msg_SelectComponents;Select one or more components.;Selecteer een of meer componenten.;Wählen Sie eine oder mehrere Komponenten aus.;Sélectionnez un ou plusieurs composants.;Selezionare uno o più componenti.;Seleccione uno o más componentes.
CustomComponent_Msg_PropsAddedSelection;Component properties added to selection.;Componenteigenschappen toegevoegd aan selectie.;Komponenteneigenschaften zur Auswahl hinzugefügt.;Propriétés de composant ajoutées à la sélection.;Proprietà del componente aggiunte alla selezione.;Propiedades de componente añadidas a la selección.
CustomComponent_Msg_PropsDeletedSelection;Component properties deleted from selection.;Componenteigenschappen verwijderd uit selectie.;Komponenteneigenschaften aus Auswahl gelöscht.;Propriétés de composant supprimées de la sélection.;Proprietà del componente eliminate dalla selezione.;Propiedades de componente eliminadas de la selección.
CustomComponent_Msg_NoComponentsFound;No components found.;Geen componenten gevonden.;Keine Komponenten gefunden.;Aucun composant trouvé.;Nessun componente trovato.;No se encontraron componentes.
CustomComponent_Msg_PropsAddedAll;Component properties added to all components.;Componenteigenschappen toegevoegd aan alle componenten.;Komponenteneigenschaften zu allen Komponenten hinzugefügt.;Propriétés de composant ajoutées à tous les composants.;Proprietà del componente aggiunte a tutti i componenti.;Propiedades de componente añadidas a todos los componentes.
CustomComponent_Msg_PropsDeletedAll;Deleted component properties from all components.;Componenteigenschappen verwijderd uit alle componenten.;Komponenteneigenschaften aus allen Komponenten gelöscht.;Propriétés de composant supprimées de tous les composants.;Proprietà del componente eliminate da tutti i componenti.;Propiedades de componente eliminadas de todos los componentes.
Export_Dialog_NoSheetTitle;Export BOM;BOM exporteren;BOM exportieren;Exporter la BOM;Esporta BOM;Exportar BOM
Export_Dialog_NoSheetBody;No drawing sheet present. Create a drawing sheet?;Geen tekenblad aanwezig. Een tekenblad maken?;Kein Zeichenblatt vorhanden. Ein Zeichenblatt erstellen?;Aucune feuille de dessin présente. Créer une feuille de dessin ?;Nessun foglio di disegno presente. Creare un foglio di disegno?;No hay ninguna hoja de dibujo. ¿Crear una hoja de dibujo?
Export_Err_CreateSheet;Failed to create a drawing sheet.;Kan geen tekenblad maken.;Zeichenblatt konnte nicht erstellt werden.;Échec de la création d'une feuille de dessin.;Impossibile creare un foglio di disegno.;No se pudo crear una hoja de dibujo.
Export_Msg_NoComponents;No components found to export.;Geen componenten gevonden om te exporteren.;Keine Komponenten zum Exportieren gefunden.;Aucun composant à exporter.;Nessun componente da esportare trovato.;No se encontraron componentes para exportar.
Export_Err_CopyClipboard;Failed to copy BOM to clipboard:\n{0};Kan BOM niet naar klembord kopiëren:\n{0};BOM konnte nicht in die Zwischenablage kopiert werden:\n{0};Échec de la copie de la BOM dans le presse-papiers :\n{0};Impossibile copiare la BOM negli appunti:\n{0};No se pudo copiar la BOM al portapapeles:\n{0}
Export_Msg_BomWritten;BOM table has been written to the active drawing sheet.;BOM-tabel is geschreven naar het actieve tekenblad.;BOM-Tabelle wurde auf das aktive Zeichenblatt geschrieben.;Le tableau BOM a été écrit sur la feuille de dessin active.;La tabella BOM è stata scritta sul foglio di disegno attivo.;La tabla BOM se ha escrito en la hoja de dibujo activa.
Export_Err_BuildTable;Failed to build BOM table:\n{0};Kan BOM-tabel niet maken:\n{0};BOM-Tabelle konnte nicht erstellt werden:\n{0};Échec de la création du tableau BOM :\n{0};Impossibile creare la tabella BOM:\n{0};No se pudo crear la tabla BOM:\n{0}
Export_Msg_BomExported;BOM exported:\n{0};BOM geëxporteerd:\n{0};BOM exportiert:\n{0};BOM exportée :\n{0};BOM esportata:\n{0};BOM exportada:\n{0}
Export_Err_ExcelFailed;Failed to export to Excel:\n{0};Kan niet naar Excel exporteren:\n{0};Export nach Excel fehlgeschlagen:\n{0};Échec de l'exportation vers Excel :\n{0};Esportazione in Excel non riuscita:\n{0};No se pudo exportar a Excel:\n{0}
Export_Msg_NoParts;No parts found to export.;Geen onderdelen gevonden om te exporteren.;Keine Teile zum Exportieren gefunden.;Aucune pièce à exporter.;Nessuna parte da esportare trovata.;No se encontraron piezas para exportar.
Export_FileDialog_ExcelTitle;Export BOM to Excel;BOM naar Excel exporteren;BOM nach Excel exportieren;Exporter la BOM vers Excel;Esporta BOM in Excel;Exportar BOM a Excel
Export_FileFilter_Excel;Excel Workbook (*.xlsx)|*.xlsx|All files (*.*)|*.*;Excel-werkmap (*.xlsx)|*.xlsx|Alle bestanden (*.*)|*.*;Excel-Arbeitsmappe (*.xlsx)|*.xlsx|Alle Dateien (*.*)|*.*;Classeur Excel (*.xlsx)|*.xlsx|Tous les fichiers (*.*)|*.*;Cartella di lavoro di Excel (*.xlsx)|*.xlsx|Tutti i file (*.*)|*.*;Libro de Excel (*.xlsx)|*.xlsx|Todos los archivos (*.*)|*.*
Export_FileDialog_StepFolderTitle;Select folder to export STEP files;Selecteer map om STEP-bestanden te exporteren;Ordner zum Exportieren von STEP-Dateien auswählen;Sélectionnez le dossier pour exporter les fichiers STEP;Selezionare la cartella per esportare i file STEP;Seleccione la carpeta para exportar los archivos STEP
Export_Err_StepFailed;Failed to export STEP files:\n{0};Kan STEP-bestanden niet exporteren:\n{0};STEP-Dateien konnten nicht exportiert werden:\n{0};Échec de l'exportation des fichiers STEP :\n{0};Impossibile esportare i file STEP:\n{0};No se pudieron exportar los archivos STEP:\n{0}
Ribbon.Button.ImportDXFContours;Import DXF Contours;DXF-contouren importeren;DXF-Konturen importieren;Importer les contours DXF;Importa contorni DXF;Importar contornos DXF
Ribbon.Button.DXFToProfile;DXF -> Profile;DXF -> Profiel;DXF -> Profil;DXF -> Profil;DXF -> Profilo;DXF -> Perfil
Ribbon.Button.SaveDXFProfileCsv;Save DXFProfile CSV;DXFProfile-CSV opslaan;DXFProfile-CSV speichern;Enregistrer le CSV DXFProfile;Salva CSV DXFProfile;Guardar CSV DXFProfile
Ribbon.Button.LoadDXFProfileCsv;Load DXFProfile CSV;DXFProfile-CSV laden;DXFProfile-CSV laden;Charger le CSV DXFProfile;Carica CSV DXFProfile;Cargar CSV DXFProfile
Ribbon.Button.ExecuteJointLegacy;Execute Joint (Legacy);Verbinding uitvoeren (verouderd);Verbindung ausführen (Legacy);Exécuter l'assemblage (hérité);Esegui giunto (legacy);Ejecutar unión (heredado)
Construct_Hint_SetMode3D;3D mode without converting closed line loops to surfaces;3D-modus zonder gesloten lijnlussen naar oppervlakken te converteren;3D-Modus ohne Umwandlung geschlossener Linienschleifen in Flächen;Mode 3D sans convertir les boucles de lignes fermées en surfaces;Modalità 3D senza convertire i circuiti di linee chiuse in superfici;Modo 3D sin convertir los bucles de líneas cerradas en superficies
Construct_Hint_ExportExcel;Export frame data to an Excel file.;Frame-gegevens naar een Excel-bestand exporteren.;Rahmendaten in eine Excel-Datei exportieren.;Exporter les données du cadre vers un fichier Excel.;Esporta i dati del telaio in un file Excel.;Exportar los datos del marco a un archivo Excel.
Construct_Hint_ExportBOM;Create a bill-of-materials.;Een stuklijst (BOM) maken.;Eine Stückliste (BOM) erstellen.;Créer une nomenclature (BOM).;Creare una distinta base (BOM).;Crear una lista de materiales (BOM).
Construct_Hint_UpdateBOM;Update an existing bill-of-materials.;Een bestaande stuklijst (BOM) bijwerken.;Eine vorhandene Stückliste (BOM) aktualisieren.;Mettre à jour une nomenclature (BOM) existante.;Aggiornare una distinta base (BOM) esistente.;Actualizar una lista de materiales (BOM) existente.
Construct_Hint_ExportSTEP;Export frame as a STEP file.;Frame als STEP-bestand exporteren.;Rahmen als STEP-Datei exportieren.;Exporter le cadre en tant que fichier STEP.;Esporta il telaio come file STEP.;Exportar el marco como archivo STEP.
Construct_Hint_ImportDXFContours;Load DXF contours into the active document.;DXF-contouren in het actieve document laden.;DXF-Konturen in das aktive Dokument laden.;Charger les contours DXF dans le document actif.;Carica i contorni DXF nel documento attivo.;Cargar los contornos DXF en el documento activo.
Construct_Hint_DXFToProfile;Convert an open DXF window into a profile string and preview image.;Een geopend DXF-venster omzetten in een profielstring en voorbeeldafbeelding.;Ein geöffnetes DXF-Fenster in eine Profilzeichenfolge und ein Vorschaubild umwandeln.;Convertir une fenêtre DXF ouverte en chaîne de profil et image d'aperçu.;Converti una finestra DXF aperta in una stringa di profilo e un'immagine di anteprima.;Convertir una ventana DXF abierta en una cadena de perfil e imagen de vista previa.
Construct_Hint_SaveDXFProfileCsv;Save all collected DXFProfile objects to a CSV file.;Alle verzamelde DXFProfile-objecten opslaan in een CSV-bestand.;Alle gesammelten DXFProfile-Objekte in eine CSV-Datei speichern.;Enregistrer tous les objets DXFProfile collectés dans un fichier CSV.;Salva tutti gli oggetti DXFProfile raccolti in un file CSV.;Guardar todos los objetos DXFProfile recopilados en un archivo CSV.
Construct_Hint_LoadDXFProfileCsv;Load DXFProfile objects from a CSV file.;DXFProfile-objecten laden uit een CSV-bestand.;DXFProfile-Objekte aus einer CSV-Datei laden.;Charger des objets DXFProfile depuis un fichier CSV.;Carica oggetti DXFProfile da un file CSV.;Cargar objetos DXFProfile desde un archivo CSV.
Construct_Hint_Compare;Compare bodies to look for duplicates;Bodies vergelijken om duplicaten te vinden;Körper vergleichen, um Duplikate zu finden;Comparer les corps pour rechercher les doublons;Confronta i corpi per cercare duplicati;Comparar cuerpos para buscar duplicados
Construct_Hint_DetectClashes;Detect intersecting bodies in the model;Snijdende bodies in het model detecteren;Sich überschneidende Körper im Modell erkennen;Détecter les corps sécants dans le modèle;Rileva i corpi che si intersecano nel modello;Detectar cuerpos que se cruzan en el modelo
Construct_Hint_ExecuteJointLegacy;Applies a joint between selected components.;Past een verbinding toe tussen geselecteerde componenten.;Wendet eine Verbindung zwischen ausgewählten Komponenten an.;Applique un assemblage entre les composants sélectionnés.;Applica un giunto tra i componenti selezionati.;Aplica una unión entre los componentes seleccionados.
Construct_Net_Msg_NoHandle;No license handle available (activate or check your license files).;Geen licentiehandle beschikbaar (activeer of controleer uw licentiebestanden).;Kein Lizenz-Handle verfügbar (aktivieren oder überprüfen Sie Ihre Lizenzdateien).;Aucun handle de licence disponible (activez ou vérifiez vos fichiers de licence).;Nessun handle di licenza disponibile (attivare o verificare i file di licenza).;No hay ningún identificador de licencia disponible (active o compruebe sus archivos de licencia).
Construct_Net_Msg_NotNetwork;Current license is not a network license.;Huidige licentie is geen netwerklicentie.;Aktuelle Lizenz ist keine Netzwerklizenz.;La licence actuelle n'est pas une licence réseau.;La licenza corrente non è una licenza di rete.;La licencia actual no es una licencia de red.
Construct_Net_Err_ToggleFailed;Network license toggle failed:\n{0};Wisselen van netwerklicentie mislukt:\n{0};Umschalten der Netzwerklizenz fehlgeschlagen:\n{0};Échec du basculement de la licence réseau :\n{0};Attivazione/disattivazione della licenza di rete non riuscita:\n{0};Error al cambiar la licencia de red:\n{0}
Construct_Err_SetMode3D;SetMode3D error: {0};SetMode3D-fout: {0};SetMode3D-Fehler: {0};Erreur SetMode3D : {0};Errore SetMode3D: {0};Error de SetMode3D: {0}
UIManager_Hint_FrameGenerator;Open the profile selection sidebar;De zijbalk voor profielselectie openen;Die Seitenleiste zur Profilauswahl öffnen;Ouvrir la barre latérale de sélection de profil;Apri la barra laterale di selezione del profilo;Abrir la barra lateral de selección de perfil
UIManager_Hint_Settings;Open the settings sidebar;De instellingenzijbalk openen;Die Einstellungs-Seitenleiste öffnen;Ouvrir la barre latérale des paramètres;Apri la barra laterale delle impostazioni;Abrir la barra lateral de configuración
UIManager_Hint_Plate;Open the plate-creation pane;Het paneel voor plaatcreatie openen;Den Bereich zur Plattenerstellung öffnen;Ouvrir le volet de création de plaque;Apri il riquadro di creazione della piastra;Abrir el panel de creación de placas
UIManager_Hint_Fastener;Open the fastener insertion pane;Het paneel voor het invoegen van bevestigingsmiddelen openen;Den Bereich zum Einfügen von Befestigungselementen öffnen;Ouvrir le volet d'insertion de fixation;Apri il riquadro di inserimento dei fissaggi;Abrir el panel de inserción de elementos de fijación
UIManager_Hint_RibCutOut;Open the rib cut-out pane;Het paneel voor ribuitsparingen openen;Den Bereich für Rippenausschnitte öffnen;Ouvrir le volet de découpe de nervure;Apri il riquadro di ritaglio della nervatura;Abrir el panel de recorte de nervadura
UIManager_Hint_CustomProperties;Open the custom-properties pane;Het paneel voor aangepaste eigenschappen openen;Den Bereich für benutzerdefinierte Eigenschaften öffnen;Ouvrir le volet des propriétés personnalisées;Apri il riquadro delle proprietà personalizzate;Abrir el panel de propiedades personalizadas
UIManager_Hint_Engraving;Open the engraving pane;Het graveerpaneel openen;Den Gravurbereich öffnen;Ouvrir le volet de gravure;Apri il riquadro di incisione;Abrir el panel de grabado
UIManager_Hint_Connector;Open the connector pane;Het connectorpaneel openen;Den Verbinderbereich öffnen;Ouvrir le volet du connecteur;Apri il riquadro del connettore;Abrir el panel del conector
UIManager_Panel_Title;AESC Construct;AESC Construct;AESC Construct;AESC Construct;AESC Construct;AESC Construct
UIManager_Panel_Hint;AESC Construct tools panel;AESC Construct-gereedschapspaneel;AESC Construct-Werkzeugbereich;Panneau d'outils AESC Construct;Pannello degli strumenti AESC Construct;Panel de herramientas AESC Construct
UIManager_Tooltip_ClosePanel;Close panel;Paneel sluiten;Bereich schließen;Fermer le panneau;Chiudi il pannello;Cerrar el panel
Engraving_Py_SaveDxfTitle;Please select a file to save the DXF.;Selecteer een bestand om de DXF op te slaan.;Bitte wählen Sie eine Datei zum Speichern der DXF aus.;Veuillez sélectionner un fichier pour enregistrer le DXF.;Selezionare un file per salvare il DXF.;Seleccione un archivo para guardar el DXF.
Engraving_Py_SelectTwoBodies;Select at least two solid bodies (source first, then one or more targets).;Selecteer minimaal twee solide bodies (eerst de bron, daarna één of meer doelen).;Wählen Sie mindestens zwei Volumenkörper aus (zuerst die Quelle, dann ein oder mehrere Ziele).;Sélectionnez au moins deux corps solides (la source d'abord, puis une ou plusieurs cibles).;Selezionare almeno due corpi solidi (prima la sorgente, poi una o più destinazioni).;Seleccione al menos dos cuerpos sólidos (primero el origen, luego uno o más destinos).
Engraving_Py_SolidBodiesOnly;Select solid bodies only.;Selecteer alleen solide bodies.;Wählen Sie nur Volumenkörper aus.;Sélectionnez uniquement des corps solides.;Selezionare solo corpi solidi.;Seleccione únicamente cuerpos sólidos.
Engraving_Py_BodyNotInComponent;Body not in a component.;Body niet in een component.;Körper nicht in einer Komponente.;Corps absent d'un composant.;Corpo non in un componente.;El cuerpo no está en un componente.
Engraving_Py_NoTouchingFaces;No touching faces were found to imprint. Ensure bodies actually touch (coincident faces).;Geen rakende vlakken gevonden om af te drukken. Zorg dat de bodies elkaar daadwerkelijk raken (samenvallende vlakken).;Keine berührenden Flächen zum Aufprägen gefunden. Stellen Sie sicher, dass sich die Körper tatsächlich berühren (deckungsgleiche Flächen).;Aucune face en contact trouvée pour l'empreinte. Assurez-vous que les corps se touchent réellement (faces coïncidentes).;Nessuna faccia a contatto trovata per l'impronta. Assicurarsi che i corpi si tocchino effettivamente (facce coincidenti).;No se encontraron caras en contacto para imprimir. Asegúrese de que los cuerpos se toquen realmente (caras coincidentes).
Engraving_Py_Unsupported;Unsupported selection.;Niet-ondersteunde selectie.;Nicht unterstützte Auswahl.;Sélection non prise en charge.;Selezione non supportata.;Selección no admitida.
Engraving_Py_ImprintFinished;Imprint finished;Afdrukken voltooid;Aufprägen abgeschlossen;Empreinte terminée;Impronta completata;Impresión finalizada
Frame_Label_CustomProfile;Custom profile;Aangepast profiel;Benutzerdefiniertes Profil;Profil personnalisé;Profilo personalizzato;Perfil personalizado
Settings_Label_Version;Version {0}  (build {1});Versie {0}  (build {1});Version {0}  (Build {1});Version {0}  (build {1});Versione {0}  (build {1});Versión {0}  (compilación {1})
Fastener_Err_LoadBoltData;Failed to load bolt data. Check CSV path in settings.;Kan boutgegevens niet laden. Controleer het CSV-pad in de instellingen.;Bolzendaten konnten nicht geladen werden. Überprüfen Sie den CSV-Pfad in den Einstellungen.;Échec du chargement des données de boulon. Vérifiez le chemin CSV dans les paramètres.;Impossibile caricare i dati dei bulloni. Controllare il percorso CSV nelle impostazioni.;No se pudieron cargar los datos de pernos. Compruebe la ruta CSV en la configuración.
Fastener_Err_LoadWasherData;Failed to load washer data. Check CSV path in settings.;Kan ringgegevens niet laden. Controleer het CSV-pad in de instellingen.;Unterlegscheibendaten konnten nicht geladen werden. Überprüfen Sie den CSV-Pfad in den Einstellungen.;Échec du chargement des données de rondelle. Vérifiez le chemin CSV dans les paramètres.;Impossibile caricare i dati delle rondelle. Controllare il percorso CSV nelle impostazioni.;No se pudieron cargar los datos de arandelas. Compruebe la ruta CSV en la configuración.
Fastener_Err_LoadNutData;Failed to load nut data. Check CSV path in settings.;Kan moergegevens niet laden. Controleer het CSV-pad in de instellingen.;Mutterndaten konnten nicht geladen werden. Überprüfen Sie den CSV-Pfad in den Einstellungen.;Échec du chargement des données d'écrou. Vérifiez le chemin CSV dans les paramètres.;Impossibile caricare i dati dei dadi. Controllare il percorso CSV nelle impostazioni.;No se pudieron cargar los datos de tuercas. Compruebe la ruta CSV en la configuración.
Fastener_Msg_NoObjectsSelected;No objects selected.;Geen objecten geselecteerd.;Keine Objekte ausgewählt.;Aucun objet sélectionné.;Nessun oggetto selezionato.;Ningún objeto seleccionado.
Fastener_Msg_SelectSingleEdge;Please select a single edge when selecting faces.;Selecteer één rand bij het selecteren van vlakken.;Bitte wählen Sie eine einzelne Kante aus, wenn Sie Flächen auswählen.;Veuillez sélectionner une seule arête lors de la sélection de faces.;Selezionare un solo spigolo quando si selezionano le facce.;Seleccione una sola arista al seleccionar caras.
Fastener_Msg_SecondSelectionPlanar;Second selection must be planar face(s).;Tweede selectie moet vlakke vlak(ken) zijn.;Die zweite Auswahl muss aus planaren Flächen bestehen.;La deuxième sélection doit être des faces planes.;La seconda selezione deve essere costituita da facce planari.;La segunda selección debe ser cara(s) plana(s).
Fastener_Msg_NonEdgeObjects;Selection contains non-edge objects.;Selectie bevat objecten die geen randen zijn.;Auswahl enthält Objekte, die keine Kanten sind.;La sélection contient des objets qui ne sont pas des arêtes.;La selezione contiene oggetti che non sono spigoli.;La selección contiene objetos que no son aristas.
Fastener_Msg_EdgesMustBeCircles;All selected edges must be circles.;Alle geselecteerde randen moeten cirkels zijn.;Alle ausgewählten Kanten müssen Kreise sein.;Toutes les arêtes sélectionnées doivent être des cercles.;Tutti gli spigoli selezionati devono essere cerchi.;Todas las aristas seleccionadas deben ser círculos.
Fastener_Msg_ObjectInHole;There is an object in the hole, no fastener created.;Er zit een object in het gat, geen bevestigingsmiddel gemaakt.;Es befindet sich ein Objekt im Loch, kein Befestigungselement erstellt.;Un objet se trouve dans le trou, aucune fixation créée.;È presente un oggetto nel foro, nessun fissaggio creato.;Hay un objeto en el orificio, no se creó ningún elemento de fijación.
Fastener_Msg_SelectOneCircle;Please select only one circle when selecting faces;Selecteer slechts één cirkel bij het selecteren van vlakken;Bitte wählen Sie nur einen Kreis aus, wenn Sie Flächen auswählen;Veuillez sélectionner un seul cercle lors de la sélection de faces;Selezionare un solo cerchio quando si selezionano le facce;Seleccione solo un círculo al seleccionar caras
Fastener_Msg_NoPlacement;Could not find correct placement(s);Kon geen juiste plaatsing(en) vinden;Korrekte Platzierung(en) konnte(n) nicht gefunden werden;Impossible de trouver le(s) bon(s) emplacement(s);Impossibile trovare il/i posizionamento/i corretto/i;No se pudo(n) encontrar la(s) ubicación(es) correcta(s)
Fastener_Err_NoBoltData;No bolt data available.;Geen boutgegevens beschikbaar.;Keine Bolzendaten verfügbar.;Aucune donnée de boulon disponible.;Nessun dato sui bulloni disponibile.;No hay datos de pernos disponibles.
Fastener_Err_NoWasherData;No washer data available.;Geen ringgegevens beschikbaar.;Keine Unterlegscheibendaten verfügbar.;Aucune donnée de rondelle disponible.;Nessun dato sulle rondelle disponibile.;No hay datos de arandelas disponibles.
Fastener_Err_NoNutData;No nut data available.;Geen moergegevens beschikbaar.;Keine Mutterndaten verfügbar.;Aucune donnée d'écrou disponible.;Nessun dato sui dadi disponibile.;No hay datos de tuercas disponibles.
Fastener_Msg_SelectCircle;Please select a circle.;Selecteer een cirkel.;Bitte wählen Sie einen Kreis aus.;Veuillez sélectionner un cercle.;Selezionare un cerchio.;Seleccione un círculo.
Frame_Extrude_Msg_SelectLineOrEdge;Select at least one straight line or edge.;Selecteer minimaal één rechte lijn of rand.;Wählen Sie mindestens eine gerade Linie oder Kante aus.;Sélectionnez au moins une ligne droite ou une arête.;Selezionare almeno una linea retta o uno spigolo.;Seleccione al menos una línea recta o arista.
Frame_Extrude_Err_InvalidProfile;Error: invalid profile type or data. Cannot create extrusion.;Fout: ongeldig profieltype of -gegevens. Kan geen extrusie maken.;Fehler: ungültiger Profiltyp oder ungültige Daten. Extrusion kann nicht erstellt werden.;Erreur : type ou données de profil non valides. Impossible de créer l'extrusion.;Errore: tipo o dati di profilo non validi. Impossibile creare l'estrusione.;Error: tipo o datos de perfil no válidos. No se puede crear la extrusión.
